{"type":"FeatureCollection","name":"STATISTIK_AUSTRIA_POLBEZ_20260101","crs":{"type":"name","properties":{"name":"EPSG:31287"}},"source":{"title":"Statistik Austria politische Bezirke","url":"https://www.statistik.gv.at/gs-open/GEODATA/ows?service=WFS&version=1.0.0&request=GetFeature&typeName=GEODATA%3ASTATISTIK_AUSTRIA_POLBEZ_20260101&outputFormat=application/json&srsName=EPSG:31287","license":"CC BY 4.0","datasetDate":"20260101","simplifyToleranceMeters":150,"generatedAt":"2026-05-26T06:34:20.029Z"},"features":[{"type":"Feature","id":"101","properties":{"id":"101","name":"Eisenstadt(Stadt)"},"geometry":{"type":"MultiPolygon","coordinates":[[[[637377,439927],[636568,440857],[636598,441219],[636182,441473],[636042,442239],[636744,442931],[636268,443755],[636267,444743],[635659,445245],[635622,445843],[636758,445938],[637407,446364],[639023,446625],[639307,447014],[639948,446777],[641731,447745],[643256,444766],[643282,444149],[642804,443152],[642971,442833],[640771,441809],[639924,440651],[640121,440017],[639993,439468],[640651,437718],[640027,437831],[639469,437597],[639098,438377],[637379,439925],[637377,439927]]]]}},{"type":"Feature","id":"102","properties":{"id":"102","name":"Rust(Stadt)"},"geometry":{"type":"MultiPolygon","coordinates":[[[[649519,441308],[649555,440467],[650162,440658],[654437,440002],[654026,436909],[650512,437482],[649893,437474],[649856,437293],[649000,437585],[648334,438425],[647679,440753],[648265,441327],[649524,441620],[649520,441311],[649519,441308]]]]}},{"type":"Feature","id":"103","properties":{"id":"103","name":"Eisenstadt-Umgebung"},"geometry":{"type":"MultiPolygon","coordinates":[[[[640575,431933],[640226,431676],[639349,432272],[638948,432144],[638883,432388],[638156,432729],[638042,433565],[637105,434210],[637705,435694],[637296,436746],[636606,436738],[636345,437362],[634892,437429],[634594,436805],[633124,438503],[632504,438049],[631066,438029],[630107,438296],[629894,437788],[628531,438575],[628113,439345],[626740,440397],[627831,440892],[627422,441294],[628575,442616],[628235,443156],[625471,445341],[626058,445139],[626571,445576],[627069,445639],[627995,446223],[628056,446614],[628470,446955],[629347,446363],[630233,447005],[629897,447319],[630472,448017],[629965,448251],[630364,448596],[630734,448499],[630918,449394],[630664,449766],[630994,450403],[630718,450325],[630594,450549],[631173,450847],[631148,451297],[631867,452200],[632492,452467],[632704,452937],[634022,453657],[634311,453367],[634970,453416],[635702,454072],[636739,453850],[636897,453610],[636933,453839],[637492,453974],[637449,454222],[637884,454226],[638286,453246],[640080,451087],[640589,450778],[640879,449765],[641624,449444],[642148,448838],[642278,448034],[642549,448140],[643422,449781],[644211,450261],[645883,452650],[646433,453014],[646251,454110],[646432,454817],[647829,455270],[647748,455992],[648292,456620],[648717,456160],[649151,456515],[649965,456541],[650932,457074],[651281,457389],[651368,458157],[653257,456503],[654267,456097],[655349,455218],[659391,450586],[654961,443943],[654437,440002],[650162,440658],[649555,440467],[649524,441620],[648265,441327],[647679,440753],[648334,438425],[649033,437560],[649856,437293],[649893,437474],[650512,437482],[654026,436909],[653754,434867],[653985,431741],[649243,432419],[649091,432234],[647838,432916],[647379,434095],[646731,433832],[645527,434165],[644735,433658],[644254,433968],[643934,433549],[642337,433053],[640953,432991],[640812,432738],[641051,432064],[640601,431953],[640575,431933]],[[641731,447745],[639948,446777],[639307,447014],[639023,446625],[637407,446364],[636758,445938],[635620,445839],[635659,445245],[636267,444743],[636268,443755],[636744,442931],[636042,442239],[636182,441473],[636598,441219],[636568,440857],[637751,439484],[639098,438377],[639472,437595],[639920,437820],[640651,437718],[639993,439468],[640035,440858],[640771,441809],[642971,442833],[642804,443152],[643276,444120],[643256,444766],[641734,447742],[641731,447745]]]]}},{"type":"Feature","id":"104","properties":{"id":"104","name":"Güssing"},"geometry":{"type":"MultiPolygon","coordinates":[[[[615776,353301],[615117,352599],[614944,353120],[614366,353296],[613776,354282],[613773,356333],[612850,356291],[612267,356738],[614188,359801],[613258,360506],[612900,361127],[612722,362869],[610996,362977],[610857,363255],[610973,363716],[610756,363932],[611079,364257],[610587,365647],[610768,366187],[610203,367284],[609896,368917],[609542,369078],[609698,369234],[609386,369485],[609389,369937],[609079,369986],[609307,370080],[608897,370341],[609035,370463],[608838,370750],[609073,370835],[608752,371111],[608861,371430],[608453,371611],[608419,372202],[608640,372408],[608386,372377],[608144,373360],[607909,373262],[608032,373692],[608352,373681],[608297,374093],[608525,374248],[611269,373779],[611810,371878],[613145,371115],[613427,370690],[614571,370897],[615392,370631],[616602,372231],[618818,372373],[620038,372145],[621171,370990],[623354,370479],[623566,370216],[623555,369539],[624741,369581],[626903,368692],[626917,367999],[626302,366238],[627056,364414],[629535,364090],[631522,364245],[632214,364049],[632429,363372],[633076,363809],[633744,363591],[634162,363083],[633881,362718],[634039,362246],[634574,362481],[634616,362883],[635419,363329],[636110,363408],[635728,364065],[636226,364292],[636653,365047],[637780,365150],[639182,365841],[641355,366019],[641842,365001],[642319,364722],[642407,363605],[640192,363089],[640315,361625],[638970,361409],[639140,360732],[638608,360578],[638370,360990],[638229,360467],[637628,360264],[637775,359914],[637549,359817],[637775,359197],[638457,358781],[638194,357979],[638371,357472],[639090,357662],[639464,356994],[640122,357202],[641223,356775],[642035,356282],[642067,355688],[641041,354908],[640601,355019],[640372,354761],[638715,354511],[638186,354091],[637625,354075],[637257,353722],[636405,353512],[636057,353191],[636357,353039],[635985,352497],[636692,351742],[637853,352854],[638745,352338],[638969,351685],[639304,351847],[639436,351336],[640151,350486],[641682,349811],[641520,349462],[641063,349595],[640541,349175],[639936,349394],[639775,348868],[639209,348634],[638784,349014],[638015,348948],[637714,349455],[637441,349372],[637056,349712],[636653,349502],[636648,348463],[635652,348363],[634688,348724],[634100,349644],[632600,349415],[631883,348894],[631371,349023],[631107,348821],[630649,349678],[630404,349793],[630071,349577],[629306,350086],[628879,349351],[629003,349160],[628753,348481],[627261,349135],[625828,348603],[625450,348935],[625419,349836],[624943,350313],[624695,350245],[624614,350731],[624400,350469],[623911,350435],[623085,350894],[622261,350443],[622280,349989],[621787,350367],[621485,350194],[621531,350681],[621178,350872],[620553,350609],[620505,351058],[620763,351410],[620383,351760],[621187,353068],[621100,353463],[620838,353313],[620261,353882],[618407,353862],[617154,353464],[616474,353657],[615792,353532],[615776,353305],[615776,353301]]]]}},{"type":"Feature","id":"105","properties":{"id":"105","name":"Jennersdorf"},"geometry":{"type":"MultiPolygon","coordinates":[[[[608364,331384],[608383,331034],[607835,330192],[607542,330392],[607293,330017],[606651,330386],[606438,329861],[605876,329462],[605978,329773],[605459,330384],[604426,329766],[604000,329167],[603526,329250],[603110,329667],[603450,329807],[603822,330787],[603433,331186],[603948,332202],[603903,333714],[604221,335109],[605555,336128],[605896,336149],[605920,337281],[606679,338108],[607030,337952],[607784,338494],[607845,339773],[608358,340983],[610261,340933],[610185,343062],[610572,343892],[611210,344479],[611007,345133],[611465,346030],[611863,346063],[612056,347247],[613043,347747],[613736,347441],[614549,347353],[614620,347524],[614149,347543],[614166,348120],[613908,348222],[614070,348427],[613664,348091],[613548,348664],[613256,348608],[613334,348838],[613015,349101],[613380,349342],[612666,349627],[612783,350034],[612192,350371],[612208,350758],[611793,350984],[612095,350939],[612115,351285],[611338,351552],[611869,351708],[611371,351824],[611321,352182],[611634,352338],[611484,352585],[611859,352713],[611574,352850],[611804,352931],[611792,353249],[611475,353694],[611029,353676],[610483,354985],[609906,354756],[610053,354945],[609051,356430],[609270,356581],[609107,357107],[609309,357314],[608995,357920],[609557,358608],[609277,359117],[609381,360311],[609624,360373],[609521,360730],[610089,360695],[610310,360919],[610265,361202],[610553,361422],[610389,361635],[610556,362342],[610981,363058],[612297,363045],[612722,362869],[613135,360659],[614188,359800],[612267,356738],[612850,356291],[613773,356333],[613776,354282],[614274,353390],[614944,353120],[615117,352599],[615792,353532],[616474,353657],[617154,353464],[617825,353778],[620188,353907],[620838,353313],[621100,353463],[621187,353068],[620383,351760],[620763,351410],[620505,351058],[620553,350609],[621178,350872],[621531,350681],[621485,350194],[621787,350367],[622280,349989],[622261,350443],[623085,350894],[623911,350435],[624400,350469],[624614,350731],[624695,350245],[624232,349204],[624319,348461],[623793,346951],[623931,344567],[623397,344387],[622319,344681],[621885,344343],[621399,343730],[621754,342978],[621657,342713],[621046,342713],[620690,342143],[620358,342268],[619908,341409],[619556,341454],[619547,341983],[619436,341780],[618965,342142],[618801,341732],[618653,342136],[618198,342035],[617727,341340],[616768,338073],[616169,337698],[615540,337833],[615227,336977],[614840,336864],[614898,336561],[614500,336480],[614260,335696],[613773,335575],[613370,334498],[611671,333682],[610860,332716],[610603,333118],[610289,333162],[609374,331814],[608775,331829],[608355,331418],[608364,331384]]]]}},{"type":"Feature","id":"106","properties":{"id":"106","name":"Mattersburg"},"geometry":{"type":"MultiPolygon","coordinates":[[[[631877,423001],[630699,419839],[629253,419315],[628518,419959],[627297,421976],[627182,422715],[626601,423528],[626937,424417],[626440,424526],[625201,424244],[623960,425006],[623302,425129],[623435,425851],[622963,426231],[622757,427307],[621954,428565],[621811,429690],[622179,430965],[621988,431453],[622347,431948],[622333,433168],[621846,434099],[622513,435953],[620598,436762],[620358,436783],[620271,436486],[619873,436554],[619874,437151],[620499,438716],[621070,438866],[623255,438208],[622746,438035],[623001,437319],[622773,436635],[623409,435967],[623966,436392],[624545,437796],[625176,438090],[625418,437912],[625716,438293],[625826,439743],[626495,440342],[626878,440402],[628127,439330],[628531,438575],[629550,437901],[629894,437788],[630107,438296],[631066,438029],[632564,438055],[633049,438515],[634594,436805],[634969,437436],[636345,437362],[636606,436738],[637296,436746],[637705,435694],[637186,434065],[638042,433565],[638208,432664],[640205,431698],[640159,431300],[641405,429781],[640571,428558],[639611,428353],[639082,428544],[638829,427939],[638383,427931],[637884,427520],[637561,427644],[637127,426957],[636637,426859],[636475,426120],[635838,425948],[635781,424961],[634816,425082],[634157,426628],[633660,426549],[633457,424070],[631864,423028],[631877,423001]]]]}},{"type":"Feature","id":"107","properties":{"id":"107","name":"Neusiedl am See"},"geometry":{"type":"MultiPolygon","coordinates":[[[[655622,427293],[654089,430330],[653754,434867],[654961,443943],[659391,450586],[655349,455218],[654267,456097],[653257,456503],[651357,458158],[650878,459488],[650915,459730],[651309,459702],[651243,462364],[651484,462155],[652008,462519],[653042,462170],[653416,462419],[653707,462246],[654020,462401],[653885,462561],[654051,462707],[653862,462762],[654506,462709],[654474,462880],[655079,462558],[655145,462833],[655742,462874],[657144,463899],[657483,463640],[658059,463920],[658428,464604],[658588,464420],[658646,464609],[659185,464533],[659124,464716],[659424,464561],[659633,464835],[660530,464630],[661262,465164],[661165,465694],[660544,465805],[661014,466486],[661382,466614],[661379,466439],[661547,466655],[661467,466933],[661733,466975],[661538,467063],[661819,467570],[661668,467643],[662058,467919],[662532,467663],[662453,467850],[662713,468028],[662588,468341],[662869,468276],[662764,468623],[663272,468921],[663457,469502],[663619,469342],[663751,469674],[664385,469244],[664939,469984],[665381,469769],[665497,469949],[665572,469693],[667020,469227],[667214,468780],[666889,468089],[667247,467460],[669472,467155],[671169,466393],[671456,465885],[671216,465987],[671052,464875],[671296,464951],[671384,464600],[671832,464607],[672346,465242],[673004,467907],[674378,470357],[671352,472554],[670665,472649],[671127,473714],[671364,473517],[671619,473627],[671858,473931],[671841,474464],[672754,474190],[673311,473054],[673853,473666],[674447,473874],[675079,473231],[673205,472376],[675737,471563],[676159,473681],[677679,474496],[677519,474868],[677841,475489],[678316,475049],[678628,475129],[678341,474580],[678816,474336],[678702,474115],[679154,473759],[679874,473469],[679523,473108],[679950,472558],[679685,472635],[678597,471880],[678637,471517],[678400,471315],[678962,471043],[678507,470154],[679617,469641],[678290,468469],[679510,467970],[679797,467460],[678357,465805],[680090,464592],[681533,465936],[682830,464853],[683549,465108],[684109,464834],[685444,463393],[680711,459178],[682429,458152],[680627,455115],[682290,454413],[681639,452501],[681139,451790],[681806,451262],[680521,448438],[680167,448423],[679953,448756],[677810,448026],[677887,447825],[677190,447430],[675517,447527],[674986,446383],[678203,444261],[677860,443687],[678102,443513],[677907,443183],[678978,442611],[678907,442311],[680074,441053],[678568,439789],[678393,439383],[678976,438540],[679219,437604],[679439,437634],[679736,436490],[680109,434565],[680188,432149],[682004,430016],[678079,429395],[673335,428072],[668580,427094],[665774,427039],[665501,427222],[664987,430707],[664188,429495],[662987,428718],[662291,426257],[656352,425847],[655658,427221],[655622,427293]]]]}},{"type":"Feature","id":"108","properties":{"id":"108","name":"Oberpullendorf"},"geometry":{"type":"MultiPolygon","coordinates":[[[[631837,387795],[630625,387277],[630052,387398],[629415,387932],[629302,388143],[629821,388962],[629484,389209],[629300,390391],[628996,390714],[628918,391770],[627680,392414],[627711,392805],[626727,392375],[624776,393898],[624031,394898],[623849,396457],[623121,397567],[623378,399090],[622211,399277],[622860,400288],[623905,400862],[623957,401509],[623311,401861],[624260,402121],[624595,402459],[624696,402802],[624395,403123],[625550,404158],[625402,404452],[625991,405080],[626363,406225],[626174,407313],[625622,407544],[624988,408691],[623940,409505],[624383,410991],[624158,411610],[625362,413556],[625240,415329],[625584,415689],[626352,415857],[626983,416589],[626555,417356],[627011,417796],[628070,417949],[628287,418227],[628327,418705],[627950,419595],[628284,420350],[629253,419315],[630654,419784],[631889,422963],[633276,422128],[634150,422054],[635010,421597],[636318,421492],[636904,420611],[637301,420683],[637637,420373],[638377,420309],[638920,421181],[639596,420661],[640021,420707],[641557,419894],[643401,418443],[644968,418285],[647662,419541],[649359,419034],[649999,417192],[651026,417108],[650560,416127],[651300,414210],[651031,413368],[650448,413050],[650565,412784],[651167,412086],[652051,412297],[652427,412110],[653190,410603],[653639,410634],[653785,410266],[654185,410362],[654448,410022],[653627,409241],[653851,408103],[653117,407529],[652736,406670],[651194,405833],[650680,406422],[649960,405424],[651450,402586],[650714,401171],[650901,400499],[649949,399970],[650148,399715],[649753,399438],[649011,399321],[648368,398878],[647881,397595],[647496,397764],[647289,397497],[647231,397665],[646144,396622],[645471,396607],[645737,396469],[645562,396232],[644963,396191],[644844,396034],[645078,395731],[644556,395408],[644743,395100],[644632,394745],[642415,394569],[641917,395044],[640938,394845],[640177,395032],[639958,394426],[639520,394385],[639717,393448],[638741,392576],[638707,393382],[638132,393157],[638172,393743],[637741,393525],[637813,394009],[638222,394405],[637804,394747],[637033,394717],[635737,395125],[635095,394769],[634804,394429],[635001,393405],[635631,392229],[636113,391877],[635637,391855],[635377,391403],[635827,390453],[635831,389938],[635441,389332],[635547,388894],[634425,388656],[632668,387726],[632180,387922],[631894,387788],[631837,387795]]]]}},{"type":"Feature","id":"109","properties":{"id":"109","name":"Oberwart"},"geometry":{"type":"MultiPolygon","coordinates":[[[[616590,372216],[615392,370631],[614571,370897],[613427,370690],[613145,371115],[611810,371878],[611269,373779],[609901,373918],[608986,374298],[608181,374209],[608324,374979],[608528,375087],[608253,375485],[608343,375787],[608094,375715],[608296,376023],[607938,376130],[608125,376344],[607674,377032],[607920,377028],[608000,377306],[607568,377800],[607388,378813],[606649,379577],[606723,379900],[606464,379946],[606693,380442],[606465,380607],[606539,380857],[606096,380954],[606348,381191],[606157,381620],[606340,381946],[605984,382183],[606056,383154],[605803,383365],[605651,383177],[605574,383420],[605390,383287],[605308,383498],[605619,383563],[605376,383615],[605519,384005],[605101,384443],[605266,384831],[605095,384877],[605353,385132],[604659,385764],[604732,386215],[604114,386282],[604259,386368],[604036,386601],[604286,386754],[603953,386788],[604188,387045],[603914,387159],[603992,387638],[603749,387422],[603432,387788],[603567,388014],[603223,388374],[602965,388206],[602975,388439],[602515,388777],[603920,389389],[603597,390167],[606123,390885],[606159,391917],[606639,393036],[607144,393177],[607559,393632],[607858,393402],[608399,393610],[608514,393366],[607852,393197],[607982,392700],[607491,392367],[607548,392175],[608296,391538],[609013,392153],[609313,392096],[609178,392563],[609353,392879],[609146,392835],[608768,393442],[608822,394296],[610690,394139],[612472,394964],[613713,395110],[614580,395517],[616208,395406],[618025,396030],[619330,397168],[619412,397746],[619906,398007],[620383,398788],[620959,398942],[621409,399384],[623260,399163],[623121,397567],[623849,396457],[624031,394898],[624776,393898],[626727,392375],[627711,392805],[627680,392414],[629020,391594],[628996,390714],[629300,390391],[629484,389209],[629821,388962],[629302,388143],[629521,387806],[630625,387277],[632180,387922],[632668,387726],[634164,388373],[635010,387684],[635333,386924],[635995,386924],[636440,386578],[636993,384679],[638036,382391],[638080,381692],[638692,380480],[637962,380213],[637863,379975],[638056,378481],[637128,377365],[636658,377696],[635574,377357],[635746,377041],[634458,377265],[634370,376973],[635232,376813],[635372,375166],[635044,374734],[634961,373963],[635182,373395],[634870,373130],[635012,372505],[634395,372501],[633920,372223],[633707,372575],[633545,371993],[633906,371051],[633784,370785],[634424,369771],[635473,369766],[636451,370120],[636731,368884],[637292,367988],[637023,367793],[637057,366929],[636885,366718],[636495,366754],[636214,366094],[636300,365392],[636512,365368],[636664,364825],[635728,364065],[636110,363408],[635419,363329],[634616,362883],[634574,362481],[634039,362246],[633881,362718],[634162,363083],[633744,363591],[633076,363809],[632429,363372],[632214,364049],[631522,364245],[629535,364090],[627056,364414],[626302,366238],[626917,367999],[626892,368704],[624741,369581],[623555,369539],[623566,370216],[623354,370479],[621171,370990],[619918,372194],[618818,372373],[616594,372221],[616590,372216]]]]}},{"type":"Feature","id":"201","properties":{"id":"201","name":"Klagenfurt Stadt"},"geometry":{"type":"MultiPolygon","coordinates":[[[[472382,298701],[472286,298325],[471528,298058],[470168,298008],[469617,298342],[469261,299101],[469661,299597],[469236,300048],[469784,300400],[469446,300847],[469749,301567],[469779,302503],[469360,302920],[469633,303443],[469292,303956],[469533,304329],[468952,304536],[468749,304945],[468901,305221],[468226,305263],[468266,305568],[468635,305606],[469016,306107],[469681,306424],[467965,306403],[467629,306815],[467838,306941],[467875,307693],[467399,307622],[467495,308023],[467141,308112],[467412,308211],[467270,308415],[467655,308846],[467562,309407],[468010,309570],[468590,310956],[468810,311222],[469055,311093],[469162,311556],[469630,311627],[470412,311205],[471895,312413],[472315,312418],[472460,312166],[474309,312576],[474245,312011],[473794,311497],[474426,311463],[473591,311249],[473470,310804],[472865,310634],[472569,310068],[473013,309740],[473356,309876],[473290,309616],[473787,309224],[473398,308741],[474044,308368],[473486,307853],[474105,307696],[475338,308201],[475220,307603],[475385,307554],[475696,308330],[476480,308901],[476773,308973],[476896,308756],[478041,309020],[478308,308876],[478010,308266],[478036,307542],[478645,307746],[479317,306538],[479745,306521],[479480,305698],[479273,305698],[479722,305084],[479971,305443],[481064,305653],[482946,305070],[482500,303791],[480796,303526],[481025,302698],[478269,302486],[478138,301966],[478535,301628],[478015,301470],[477079,300404],[475637,300129],[475773,299754],[476134,299805],[475593,299156],[475327,298409],[475433,297915],[473345,297635],[473108,298457],[472382,298701],[472382,298701]]]]}},{"type":"Feature","id":"202","properties":{"id":"202","name":"Villach Stadt"},"geometry":{"type":"MultiPolygon","coordinates":[[[[439179,297248],[439045,296899],[435254,296574],[434804,295890],[433179,295538],[432568,296313],[432114,295940],[431826,296376],[431615,296307],[431414,297191],[431666,298879],[431218,299233],[430648,299269],[429913,298855],[429204,299183],[429024,299735],[427655,300920],[430385,301577],[430283,302544],[431233,302871],[431777,302784],[432282,303329],[432944,303515],[433016,304010],[433729,303987],[433878,304186],[434136,303937],[435140,303789],[435809,305056],[435423,305759],[435723,307036],[436097,307154],[436455,307731],[437132,307232],[437741,307363],[438847,306035],[439843,305644],[440928,305941],[441109,305618],[441276,305859],[441814,305516],[442327,305885],[442700,305643],[443763,306449],[445302,306628],[447478,307538],[446861,306063],[446354,305759],[445303,305668],[445473,305446],[445114,305250],[445881,304016],[445522,303955],[445835,303768],[445407,303481],[445144,302773],[445537,302448],[445313,301703],[446057,301376],[447694,299506],[449473,299541],[449454,299222],[448221,299011],[448054,298336],[447271,298365],[447155,298613],[446586,298326],[446535,297673],[444060,297863],[443662,298205],[442889,297999],[441783,298608],[440434,298341],[439007,297673],[438768,297863],[439149,297321],[439179,297248]]]]}},{"type":"Feature","id":"203","properties":{"id":"203","name":"Hermagor"},"geometry":{"type":"MultiPolygon","coordinates":[[[[390761,296673],[390087,296957],[389423,296915],[388234,297577],[388077,298012],[387432,298373],[387430,298813],[386074,298941],[385723,298616],[385061,299083],[384150,299046],[382868,299617],[382630,299433],[380932,300292],[380565,299970],[379376,300058],[379148,299730],[378086,299551],[376632,299770],[376165,300328],[376096,300142],[375820,300290],[375080,300001],[374453,300363],[373535,300031],[373142,300340],[372802,300171],[371192,300826],[370603,300356],[368998,301288],[368422,301089],[367632,301197],[367253,300968],[366575,301181],[365960,300870],[364216,301242],[363576,300731],[362854,300755],[361783,301256],[361771,302540],[362071,303184],[361586,303377],[361614,303637],[360671,303296],[360397,303506],[360489,303659],[359913,303626],[359349,304003],[358918,304468],[358877,304890],[357383,305378],[355897,305443],[355212,304983],[355022,304406],[353970,304024],[352799,305690],[351699,305885],[350911,306463],[350944,307423],[350670,308353],[350846,308558],[350364,309136],[350672,309191],[350543,309670],[351015,310104],[351128,310585],[351068,311491],[350823,311649],[352043,311935],[353275,311660],[352337,313012],[352752,314785],[352555,315301],[353178,315931],[354027,316160],[354600,315881],[356037,316899],[358329,317095],[358630,317566],[358867,317354],[359760,317582],[360279,317429],[360361,316721],[361319,317037],[361844,316636],[362460,316750],[362690,316470],[362465,316242],[362609,315943],[365265,315415],[364622,314276],[364727,313974],[365457,313786],[366113,313283],[366815,314033],[366769,314427],[367166,314323],[367347,313873],[367821,313601],[371858,314084],[372713,313421],[372990,313444],[373811,312544],[374418,312243],[376458,311990],[377393,311314],[380407,311397],[381775,311000],[381940,310329],[382366,309928],[382373,309460],[383053,309314],[383690,309514],[384051,309334],[385499,309461],[388110,310364],[390316,310562],[390985,311802],[391545,311644],[391668,312637],[392482,312487],[393351,312718],[395387,311264],[396296,310275],[396579,310128],[397129,310377],[397293,310780],[397752,310732],[397981,310947],[398410,310799],[399555,309229],[400141,308953],[400598,309029],[402130,308051],[402507,308000],[402956,308293],[403722,307959],[404475,307188],[405117,307118],[405249,306618],[405890,306163],[407650,306395],[408191,306039],[408928,306422],[410129,306266],[410083,307042],[410817,307606],[411254,307638],[413290,306015],[414126,306139],[414857,305879],[415562,306314],[416810,306115],[417106,306256],[417709,305988],[418343,306390],[418737,305980],[418396,305264],[418498,304698],[418220,304388],[416958,303488],[416260,303842],[416134,302426],[416600,301995],[416487,301401],[417218,300964],[417839,300010],[416548,297913],[416600,297521],[415493,297207],[414518,296558],[413436,296436],[411171,295674],[410892,295301],[409293,295532],[408437,295218],[408139,295485],[407251,295318],[405865,295706],[405697,296062],[405917,296929],[405265,296897],[404286,297441],[403034,297729],[402739,297118],[402900,296364],[402317,296706],[401519,296310],[400925,296698],[399073,294612],[399027,294802],[398045,294987],[397309,295620],[396368,295264],[395156,295729],[394509,295290],[393860,295640],[393359,295145],[392987,295091],[392879,294669],[392325,294883],[392312,295476],[391415,296253],[391206,296723],[390763,296673],[390761,296673]]]]}},{"type":"Feature","id":"204","properties":{"id":"204","name":"Klagenfurt Land"},"geometry":{"type":"MultiPolygon","coordinates":[[[[465946,283043],[465819,282682],[465153,282419],[464840,281928],[463939,281861],[463160,282100],[462894,282913],[461634,283786],[461640,284630],[460484,286352],[460570,286623],[459792,286860],[460149,288110],[459900,288907],[460367,290204],[460286,292013],[460722,292996],[459158,293712],[458376,293266],[458163,294155],[457639,294727],[457776,295210],[458225,295455],[458358,295822],[457481,296305],[457381,296905],[455764,298235],[455974,298574],[455508,298841],[455435,299333],[454837,299322],[455158,299802],[457202,300402],[456921,301196],[457056,301666],[456448,302085],[456550,302934],[455928,302868],[455370,303160],[455550,303521],[455310,303911],[455872,304319],[455501,304444],[455172,305295],[455040,307081],[455973,307635],[456061,308051],[456388,307956],[456532,308223],[456785,308197],[457002,308589],[457577,308426],[457716,308843],[458288,308728],[458453,308280],[459178,308668],[460724,308504],[461336,309092],[461265,309381],[461724,309418],[461898,310021],[463236,308794],[464425,309988],[464315,310306],[464534,310331],[464620,310807],[465029,310857],[465241,311589],[465710,311530],[466084,311986],[466380,311236],[466586,311740],[468176,311490],[468347,311123],[468874,311561],[468406,310215],[468010,309570],[467539,309367],[467655,308846],[467270,308415],[467412,308211],[467141,308112],[467495,308023],[467399,307622],[467875,307693],[467838,306941],[467629,306815],[467965,306403],[469681,306424],[469016,306107],[468635,305606],[468266,305568],[468226,305263],[468901,305221],[468749,304945],[468952,304536],[469533,304329],[469292,303956],[469633,303443],[469360,302920],[469779,302503],[469749,301567],[469446,300847],[469784,300400],[469241,300143],[469661,299597],[469260,299065],[469836,298060],[471586,298066],[472286,298325],[472493,298765],[473108,298457],[473345,297635],[475408,297905],[475327,298409],[475593,299156],[476134,299805],[475773,299754],[475637,300129],[477079,300404],[478015,301470],[478535,301628],[478138,301966],[478269,302486],[481025,302698],[480796,303526],[482500,303791],[482946,305070],[481064,305653],[479971,305443],[479722,305084],[479273,305698],[479480,305698],[479745,306521],[479317,306538],[478645,307746],[478036,307542],[478010,308266],[478308,308876],[478041,309020],[476896,308756],[476773,308973],[476480,308901],[475696,308330],[475385,307554],[475220,307603],[475338,308201],[474105,307696],[473486,307853],[474044,308368],[473398,308741],[473787,309224],[473290,309616],[473356,309876],[473013,309740],[472562,309967],[472704,310381],[472869,310637],[473330,310667],[473577,311148],[474145,310857],[474309,311154],[474544,311089],[474729,311389],[475953,311894],[476596,312467],[477199,311640],[478357,312860],[478342,314348],[478559,313958],[478579,314143],[479649,313608],[480299,314524],[480700,314163],[480880,313576],[481893,314258],[482123,314151],[482815,315141],[483409,315484],[483638,315484],[483792,315010],[484079,315128],[484081,314652],[484462,314096],[484522,314891],[484988,314967],[484916,314341],[485292,314284],[485182,313963],[485523,314103],[486050,313388],[486527,313620],[486116,313130],[485293,313030],[485720,312407],[486751,312390],[487012,312034],[486729,310431],[488204,310813],[488904,310464],[489597,309582],[490539,309253],[490676,308541],[491202,308383],[492610,306993],[491469,306963],[489802,306117],[491517,303927],[491512,303175],[491701,303049],[491381,303040],[491309,301972],[491076,301762],[491158,301599],[491451,301829],[491384,301606],[489246,298853],[488558,296691],[487931,296197],[487516,296196],[486630,297245],[486162,296684],[486394,296325],[486260,295234],[487200,294271],[486093,293228],[486154,292323],[485732,291582],[487541,291090],[488047,291412],[487994,290993],[488588,290239],[488364,289710],[486982,288951],[487177,288419],[487127,287155],[486709,286302],[486895,285008],[486017,284703],[484906,283884],[484722,283192],[484269,283624],[483806,283430],[482752,283532],[480635,282694],[477713,282459],[476346,281735],[474962,281675],[474446,282524],[473028,283082],[471598,282484],[470978,282559],[470376,282048],[469507,281787],[468719,282184],[468118,282996],[467227,282549],[466314,282733],[465947,283044],[465946,283043]]]]}},{"type":"Feature","id":"205","properties":{"id":"205","name":"Sankt Veit an der Glan"},"geometry":{"type":"MultiPolygon","coordinates":[[[[471895,312413],[470412,311205],[469628,311627],[469162,311556],[469055,311093],[468725,311177],[469248,312283],[468877,312651],[469252,312515],[469354,313318],[469853,313486],[469833,313674],[470199,313644],[469999,314471],[470374,314660],[470316,314893],[470475,314718],[471055,314791],[470752,315237],[470762,315773],[470222,316155],[470035,315849],[469529,316170],[466426,315551],[466292,316232],[466620,316994],[466290,317221],[465277,316843],[464914,317795],[465152,318224],[465813,318266],[466033,318588],[466660,318449],[466953,319009],[466415,319429],[466854,319706],[466819,320282],[465911,320812],[465928,321076],[464937,320616],[464864,320066],[464337,320537],[463979,320389],[463872,320881],[463134,320730],[462852,321165],[462966,321606],[463746,322419],[463984,322191],[464173,322363],[463720,322836],[463198,322496],[463105,323244],[462610,323602],[461842,323880],[461396,323792],[461607,323565],[461253,323210],[461315,322862],[460421,323565],[460231,323411],[459619,323782],[459144,323752],[459901,324357],[460493,325710],[460800,326768],[460373,327007],[460305,326831],[460199,327291],[461363,327930],[461249,328386],[459755,327276],[459391,326556],[458761,326067],[458905,326488],[458373,326569],[457534,327503],[456908,327522],[456831,327292],[456339,327795],[455386,327748],[454660,328244],[454172,327829],[453522,327745],[452584,328160],[452467,328614],[451872,328608],[451850,329048],[450765,329696],[450911,331226],[450595,331940],[450693,333252],[450326,334699],[449674,334842],[449561,335527],[447397,335512],[446707,335823],[446843,336339],[446435,337203],[446537,337844],[447116,338296],[446964,340026],[447353,339820],[448149,340610],[449335,340986],[450205,340933],[450501,341250],[451250,341450],[451472,341918],[451198,342320],[451998,343341],[451681,345132],[452968,345496],[454462,345180],[455623,345715],[456227,346160],[456433,346900],[457363,347953],[457799,348060],[457999,348538],[458427,348661],[458441,349010],[460083,349481],[460251,349832],[460069,350993],[460444,351558],[460809,351724],[461109,351375],[461295,351532],[461910,351328],[463032,350644],[463727,351253],[463923,351750],[464647,352112],[466102,353437],[466176,352792],[467123,351720],[467050,351390],[467574,350480],[467762,348816],[468577,347752],[469722,348755],[470843,347790],[471279,348181],[471836,347820],[472406,348109],[472741,347792],[473741,348152],[474943,348066],[475677,348280],[476428,347656],[477005,347876],[478513,347746],[478958,347126],[479825,346578],[479390,345897],[479602,345434],[479394,344381],[479773,343920],[480112,342804],[480518,343031],[480593,342831],[480868,342870],[481613,343884],[483504,344741],[483449,345126],[483779,344750],[484413,344765],[484317,344634],[484764,344906],[484873,344480],[485470,344651],[485703,345310],[485568,346672],[485903,346235],[486541,346327],[486602,345975],[487048,347281],[489146,348294],[488966,347267],[489978,346661],[489928,346134],[492195,346676],[492584,346496],[493243,346706],[495332,346532],[495806,345442],[497535,345053],[499058,342827],[500013,342121],[501409,341711],[502486,340929],[502945,340274],[502017,339066],[502444,336876],[501330,333972],[500511,333532],[500140,333030],[499711,331450],[499838,329943],[500531,329072],[500449,326631],[501046,324842],[500800,324172],[500286,323763],[500407,322548],[499414,321482],[499550,321163],[499265,320851],[499452,317575],[498335,318018],[497805,317990],[496351,318772],[496143,318162],[496576,317926],[496574,317542],[496878,317665],[496908,317406],[497153,317390],[496908,316916],[496467,317119],[497043,316457],[496764,315889],[495948,316266],[494931,315848],[495021,315436],[494629,314992],[494828,314367],[494423,314022],[493607,314726],[493348,315453],[491956,316444],[491401,315898],[491490,314703],[490755,313992],[491378,313194],[489967,312446],[490103,312087],[489291,311155],[489611,310906],[489079,310298],[488204,310813],[486729,310431],[487012,312034],[486751,312390],[485720,312407],[485293,313030],[486116,313130],[486466,313316],[486511,313653],[486050,313388],[485523,314103],[485182,313963],[485292,314284],[484916,314341],[484988,314967],[484522,314891],[484462,314096],[484081,314652],[484079,315128],[483792,315010],[483618,315490],[482989,315274],[482123,314151],[481893,314258],[481037,313592],[480299,314524],[479649,313608],[478579,314143],[478559,313958],[478342,314348],[478357,312860],[477199,311640],[476596,312467],[475953,311894],[474729,311389],[474544,311089],[474309,311154],[474137,310856],[473570,311193],[474438,311484],[473794,311497],[474245,312011],[474309,312576],[472460,312166],[472315,312418],[471897,312411],[471895,312413]]]]}},{"type":"Feature","id":"206","properties":{"id":"206","name":"Spittal an der Drau"},"geometry":{"type":"MultiPolygon","coordinates":[[[[391877,312544],[391668,312637],[391545,311644],[390985,311802],[390316,310562],[388110,310364],[385499,309461],[384051,309334],[383690,309514],[383074,309310],[382373,309460],[382366,309928],[381940,310329],[381775,311000],[380407,311397],[377393,311314],[376458,311990],[374418,312243],[373811,312544],[372990,313444],[372713,313421],[371858,314084],[367821,313601],[367347,313873],[367166,314323],[366769,314427],[366815,314033],[366113,313283],[365457,313786],[364727,313974],[364622,314276],[365265,315415],[362485,316050],[362690,316470],[362460,316750],[363660,317946],[365201,318217],[366920,319781],[368636,318464],[369359,318344],[370382,318946],[370541,319733],[371039,320352],[371519,320470],[371995,320960],[371922,321952],[371746,322245],[371023,322449],[368854,323933],[368069,324720],[366834,325077],[366415,325576],[366539,325999],[365976,327083],[365225,327306],[364821,327793],[362534,329157],[362731,330532],[362614,332713],[361846,333591],[362360,334603],[362258,334884],[361101,335373],[360966,335814],[359354,336135],[358152,337068],[358422,337919],[357150,338508],[356393,339828],[355706,339839],[355255,340271],[354844,342305],[353769,344202],[354750,345091],[354631,346109],[355126,346276],[356093,347416],[356195,348377],[357427,349105],[356949,349584],[356333,349744],[355160,349300],[353001,349688],[351935,352805],[351028,353402],[350036,354809],[349597,354867],[348714,355773],[349947,356846],[349489,357611],[349443,358358],[349910,358118],[351180,358508],[352308,358185],[352907,358568],[353004,358910],[354362,359225],[354707,357055],[354503,356266],[354939,355811],[356254,355512],[357514,355861],[358426,354911],[359193,354954],[359873,355240],[359941,355517],[361117,355472],[361441,354930],[361983,354693],[362357,353812],[363092,353626],[364099,353565],[364949,354180],[366029,353988],[366588,353618],[368625,353642],[369111,353454],[370003,353031],[369917,352691],[370424,351145],[371365,350584],[371163,350034],[371452,349362],[372057,348889],[373409,348816],[373613,348505],[374411,348840],[374965,349418],[376088,349146],[376342,348907],[376233,347890],[380266,346012],[380782,346776],[380827,347499],[381535,347600],[382376,347301],[384118,347463],[384371,347515],[384847,348376],[386548,348447],[387739,349140],[391043,349393],[393581,350112],[393387,352033],[392920,352442],[393714,354217],[395802,355064],[396773,354979],[397518,354242],[398288,354057],[399999,355113],[401039,355108],[402299,355468],[403611,354783],[403753,353413],[405328,352215],[405928,352413],[406426,353105],[407208,353536],[408091,353152],[409507,353422],[412851,352490],[412946,352290],[414346,352119],[417172,350733],[418570,350340],[419870,350740],[420353,350618],[421497,351100],[423167,350700],[423632,349203],[424037,348889],[424755,349153],[425561,348898],[426040,349132],[426127,348973],[427405,349019],[427573,348256],[426966,347784],[427253,346709],[427134,346204],[427471,345698],[427448,345230],[428093,344766],[428391,344103],[430424,343375],[431334,343890],[431652,343830],[432378,343372],[432396,342606],[433311,342168],[433553,340370],[433891,339851],[433620,339319],[433711,338831],[433968,338448],[434406,338347],[434420,337647],[435003,337505],[435614,336771],[435917,336731],[436764,335533],[436054,335517],[435216,334879],[435363,332761],[434698,331420],[435091,330960],[435566,330889],[435900,330453],[436464,330350],[436855,329994],[436896,329119],[436465,328900],[436513,328331],[437839,328418],[437888,328060],[438574,327757],[438948,327230],[438283,326565],[438956,326258],[439172,325854],[438636,324241],[438839,324087],[438650,323465],[439040,322121],[438207,321448],[437803,320451],[437485,320368],[436510,321058],[434924,321147],[433761,321668],[433110,320979],[432476,320735],[432050,321206],[431378,321263],[430735,320808],[430506,321008],[430158,320777],[429097,321384],[428791,321071],[428023,321430],[427808,321293],[427864,321498],[426863,321475],[426540,321721],[425913,321119],[425628,320449],[425220,320325],[425007,319497],[424251,318560],[421872,319682],[421028,319128],[420709,318430],[421677,317711],[420799,316832],[420123,316880],[419480,316072],[417904,317018],[417171,317178],[417004,316889],[415891,317449],[415329,316729],[415151,317122],[414416,316616],[413237,316259],[412216,317241],[411660,317178],[410884,317555],[409923,317475],[409185,318859],[408482,318483],[408358,317727],[407725,316771],[407274,316554],[407741,316038],[408010,315144],[407191,314822],[406873,314405],[407080,313786],[407607,313551],[408263,312640],[408330,311409],[407068,311433],[406329,311927],[406342,311738],[405843,311759],[405827,310898],[406691,310845],[406757,309960],[406551,309713],[408088,309026],[407445,308530],[407709,308076],[407661,306390],[405651,306237],[405117,307118],[404475,307188],[403722,307959],[402956,308293],[402507,308000],[402130,308051],[400598,309029],[400141,308953],[399555,309229],[398410,310799],[397981,310947],[397752,310732],[397293,310780],[397307,310470],[396579,310128],[393351,312718],[392009,312496],[391877,312544]]]]}},{"type":"Feature","id":"207","properties":{"id":"207","name":"Villach Land"},"geometry":{"type":"MultiPolygon","coordinates":[[[[424632,292396],[423800,292593],[422645,293554],[420582,293747],[420300,294030],[419517,293904],[419197,293362],[418805,293190],[418273,293263],[418084,294112],[417504,294710],[416101,294897],[415504,294457],[414368,294145],[413976,294338],[413713,295092],[413243,295148],[413375,295610],[413153,296301],[414518,296558],[415493,297207],[416600,297521],[416554,297925],[417553,299313],[417839,300010],[417743,300364],[416496,301381],[416600,301995],[416134,302426],[416183,303490],[416260,303842],[416958,303488],[418220,304388],[418498,304698],[418396,305264],[418737,305980],[418343,306390],[417709,305988],[417106,306256],[416810,306115],[415562,306314],[414857,305879],[414126,306139],[413290,306015],[411254,307638],[410817,307606],[410083,307042],[410129,306266],[408928,306422],[408191,306039],[407661,306390],[407709,308076],[407445,308530],[408088,309026],[406551,309713],[406757,309960],[406691,310845],[405827,310898],[405843,311759],[406342,311738],[406329,311927],[407068,311433],[408330,311409],[408263,312640],[407607,313551],[407080,313786],[406873,314405],[407191,314822],[408010,315144],[407741,316038],[407266,316528],[407725,316771],[408358,317727],[408522,318526],[409319,318885],[409584,317815],[409923,317475],[410884,317555],[411660,317178],[412216,317241],[413237,316259],[414416,316616],[415151,317122],[415329,316729],[415891,317449],[417004,316889],[417171,317178],[417904,317018],[419480,316072],[420123,316880],[420799,316832],[421677,317711],[420709,318430],[421028,319128],[421872,319682],[424251,318560],[425007,319497],[425220,320325],[425628,320449],[425913,321119],[426540,321721],[426863,321475],[427864,321498],[427808,321293],[428023,321430],[428791,321071],[429097,321384],[430158,320777],[430506,321008],[430735,320808],[431378,321263],[432050,321206],[432476,320735],[433110,320979],[433709,321668],[434924,321147],[436463,321070],[437485,320368],[437803,320451],[437918,319958],[439995,320161],[441589,317965],[442025,317838],[443117,318562],[443868,318541],[443905,318923],[444270,319185],[444103,318566],[445161,318406],[445129,317636],[446480,317467],[446774,316672],[447070,316484],[446925,315224],[447407,315574],[447740,314925],[447534,314536],[447884,314140],[447540,313710],[448027,313078],[447722,312924],[447745,312585],[445995,311551],[445703,311771],[444933,310845],[445326,310005],[446263,309966],[446310,309445],[446606,309501],[447616,308470],[447934,308564],[447478,307538],[445302,306628],[443763,306449],[442700,305643],[442327,305885],[441814,305516],[441276,305859],[441109,305618],[440928,305941],[439843,305644],[438847,306035],[437741,307363],[437132,307232],[436455,307731],[436097,307154],[435723,307036],[435423,305759],[435809,305056],[435140,303789],[434136,303937],[433878,304186],[433729,303987],[433016,304010],[432944,303515],[432282,303329],[431777,302784],[431233,302871],[430283,302544],[430385,301577],[427655,300920],[429024,299735],[429204,299183],[429913,298855],[430648,299269],[431218,299233],[431666,298879],[431414,297191],[431615,296307],[431826,296376],[432114,295940],[432568,296313],[433179,295538],[434804,295890],[435299,296585],[439045,296899],[439210,297172],[438768,297863],[439007,297673],[440434,298341],[441738,298603],[442889,297999],[443662,298205],[444060,297863],[446535,297673],[446586,298326],[447155,298613],[447271,298365],[448054,298336],[448221,299011],[449454,299222],[449537,299449],[447694,299506],[446057,301376],[445321,301670],[445537,302448],[445144,302773],[445407,303481],[445835,303768],[445522,303955],[445881,304016],[445114,305250],[446169,305404],[447625,306322],[448535,306103],[449959,306373],[451092,307151],[451622,307097],[452010,307585],[452254,307405],[453140,307593],[453633,307370],[454862,307474],[455169,306974],[455172,305295],[455501,304444],[455872,304319],[455310,303911],[455550,303521],[455370,303160],[455928,302868],[456550,302934],[456448,302085],[457056,301666],[456921,301196],[457202,300402],[455158,299802],[454837,299322],[455435,299333],[455508,298841],[455974,298574],[455764,298235],[457381,296905],[457481,296305],[458358,295822],[458225,295455],[457776,295210],[457639,294727],[458163,294155],[458376,293266],[459158,293712],[460728,292909],[460286,292013],[460367,290204],[459900,288907],[460149,288110],[459792,286860],[459057,286867],[458257,287611],[456639,287763],[455118,288414],[453986,288238],[452841,287109],[451733,287069],[451069,287686],[450424,287832],[450360,288339],[449348,288928],[448890,288763],[446828,290376],[445681,290624],[445303,291160],[444447,291431],[443620,291166],[442141,291596],[441899,291190],[441335,291194],[440100,290592],[438255,291114],[437936,290548],[436799,289720],[435460,289613],[434336,290362],[434172,290947],[433275,290621],[432334,291010],[431052,290896],[429826,291599],[428836,291318],[428047,291568],[427501,291315],[426679,291387],[424633,292395],[424632,292396]]]]}},{"type":"Feature","id":"208","properties":{"id":"208","name":"Völkermarkt"},"geometry":{"type":"MultiPolygon","coordinates":[[[[506703,289552],[506070,289851],[505763,289034],[505682,287722],[505137,287664],[504799,286998],[505183,286208],[504960,285801],[504187,285868],[503709,286247],[503143,285565],[503428,285122],[503096,284323],[502469,284232],[501945,283616],[500504,283426],[499789,283022],[498377,283032],[497067,282681],[497030,282280],[496359,281902],[496065,280539],[496545,280179],[496484,278062],[495830,276800],[496067,276534],[495832,276052],[494884,275778],[494814,275491],[494167,275930],[494149,276892],[493658,278097],[492989,278927],[492801,279809],[492195,280135],[491415,281147],[491382,281529],[490142,281172],[489135,279902],[488534,280172],[488149,279942],[487910,280649],[485374,280927],[485263,281529],[484327,282408],[484475,282774],[484978,282937],[484946,283178],[484651,283174],[484906,283884],[486017,284703],[486895,285008],[486709,286302],[487127,287155],[487177,288419],[486982,288951],[488364,289710],[488588,290237],[487994,290993],[488047,291412],[487541,291090],[485732,291582],[486154,292323],[486093,293228],[487200,294271],[486260,295234],[486394,296325],[486162,296684],[486630,297245],[487516,296196],[487931,296197],[488558,296691],[489246,298853],[491384,301606],[491451,301829],[491158,301599],[491076,301762],[491309,301972],[491381,303040],[491701,303049],[491512,303175],[491517,303927],[489802,306117],[491469,306963],[492610,306993],[491202,308383],[490676,308541],[490539,309253],[489597,309582],[489095,310164],[489611,310906],[489280,311131],[490103,312087],[490008,312489],[490921,312790],[491378,313194],[490755,313992],[491490,314703],[491401,315898],[491956,316444],[493348,315453],[493607,314726],[494423,314022],[494828,314367],[494629,314992],[495021,315436],[494931,315848],[495948,316266],[496764,315889],[497043,316457],[496467,317119],[496908,316916],[497153,317390],[496908,317406],[496878,317665],[496574,317542],[496576,317926],[496143,318162],[496351,318772],[497805,317990],[498335,318018],[499452,317575],[499257,320805],[499550,321163],[499414,321482],[500407,322548],[500286,323763],[500800,324172],[501046,324842],[500698,326012],[500959,325498],[503131,324484],[503656,323951],[504090,322973],[504913,322686],[505793,321696],[505649,321459],[506639,320739],[506859,319572],[507507,319013],[508426,318992],[508844,318426],[508709,318047],[509023,317435],[508729,317017],[509099,316643],[509100,316297],[508600,315629],[509208,314377],[509137,314055],[509959,313661],[510880,312329],[511245,312343],[512381,311215],[512410,310110],[512720,309524],[514819,309289],[515965,309773],[516826,309840],[516659,309615],[516854,309342],[516418,308687],[517580,307947],[518492,306704],[519090,306548],[519748,307042],[521461,307266],[524248,304962],[523212,303609],[522845,303537],[522418,302989],[522182,303414],[521764,303593],[521587,303075],[521741,301588],[521502,301478],[521091,301965],[521085,301732],[520392,301786],[520103,302575],[519770,302360],[519252,302629],[518477,302457],[518407,302127],[517781,302000],[517546,301712],[517377,300441],[516748,300300],[516428,299014],[515861,298668],[515542,298122],[515373,297588],[515549,297358],[515254,297334],[515122,297052],[515402,296486],[514981,295410],[514281,295112],[514284,294815],[514970,294391],[514294,293965],[514479,293335],[513912,292442],[514018,291047],[513055,290828],[511497,289898],[511058,289993],[510822,290454],[509533,290423],[508650,289637],[508094,290471],[507137,288800],[506710,289545],[506703,289552]]]]}},{"type":"Feature","id":"209","properties":{"id":"209","name":"Wolfsberg"},"geometry":{"type":"MultiPolygon","coordinates":[[[[509918,313665],[509146,314041],[509160,314497],[508667,315196],[508600,315629],[509027,316144],[509099,316643],[508729,317017],[509023,317435],[508709,318047],[508844,318426],[508426,318992],[507507,319013],[506859,319572],[506639,320739],[505649,321459],[505806,321662],[505463,322169],[504913,322686],[504090,322973],[503656,323951],[503080,324529],[500959,325498],[500569,326187],[500531,329072],[499838,329943],[499820,332100],[500235,333194],[501330,333972],[502132,335928],[502452,336949],[502017,339066],[502945,340274],[501779,341499],[500013,342121],[499058,342827],[497523,345063],[498443,346812],[500138,346902],[501254,347386],[503159,347481],[503827,347205],[504226,347616],[504817,347660],[505141,347437],[505638,347719],[506139,347215],[505959,347920],[506356,348415],[508996,349772],[509354,349901],[510176,349666],[510610,349839],[511127,349587],[512609,350122],[513778,351088],[514683,351003],[514840,350945],[514551,349858],[515781,348426],[517081,348146],[518229,346662],[519467,345723],[522081,344969],[522930,344982],[523657,344496],[524270,343811],[524752,342331],[525261,341760],[525324,341110],[526459,339256],[526327,339005],[526832,338329],[526697,338174],[527479,338032],[528273,337257],[528497,336549],[529024,335927],[528379,332935],[528183,332623],[527671,332478],[527896,331517],[527803,329916],[528634,328569],[528184,327331],[526830,326666],[526455,326095],[526283,324649],[525786,324068],[525467,321890],[529348,320590],[529648,320258],[529419,319147],[529925,318100],[529911,317287],[530809,316244],[530427,316176],[530153,315707],[530685,315179],[530835,314212],[530106,313214],[529862,310114],[529261,309487],[530210,308775],[531426,309271],[531329,308828],[531713,308250],[532432,308042],[532576,307289],[530735,307217],[529880,306439],[528858,305959],[527258,303749],[527302,302930],[526135,301519],[525298,304237],[523464,305480],[521917,306961],[521221,307266],[519748,307042],[519090,306548],[518638,306613],[517963,307187],[517514,308009],[516418,308687],[516854,309342],[516659,309615],[516826,309840],[515965,309773],[514819,309289],[512720,309524],[512410,310110],[512396,311193],[511245,312343],[510880,312329],[509922,313665],[509918,313665]]]]}},{"type":"Feature","id":"210","properties":{"id":"210","name":"Feldkirchen"},"geometry":{"type":"MultiPolygon","coordinates":[[[[457094,308552],[456388,307956],[456061,308051],[455973,307635],[455040,307081],[454862,307474],[453633,307370],[453140,307593],[452254,307405],[452010,307585],[451622,307097],[451092,307151],[449959,306373],[448535,306103],[447625,306322],[446169,305404],[445473,305446],[445303,305668],[446354,305759],[446861,306063],[447922,308503],[447616,308470],[446606,309501],[446310,309445],[446263,309966],[445326,310005],[444933,310766],[445703,311771],[445995,311551],[447745,312585],[447722,312924],[448027,313078],[447540,313710],[447884,314140],[447534,314536],[447667,315172],[447407,315574],[446925,315224],[447070,316484],[446774,316672],[446480,317467],[445129,317636],[445161,318406],[444103,318566],[444270,319185],[443905,318923],[443868,318541],[443117,318562],[442025,317838],[441589,317965],[439995,320161],[437863,320020],[437813,320635],[438181,321403],[439040,322121],[438650,323465],[438839,324087],[438636,324241],[439172,325854],[438956,326258],[438283,326565],[438948,327230],[438574,327757],[437888,328060],[437839,328418],[436513,328331],[436465,328900],[436896,329119],[436855,329994],[436464,330350],[435900,330453],[435566,330889],[435091,330960],[434698,331420],[435363,332761],[435216,333236],[435425,333791],[435148,334512],[435346,335113],[436305,335584],[436380,335386],[437041,335511],[437787,334962],[438248,335165],[438499,334903],[438842,335048],[438993,334684],[439377,334561],[439864,335429],[440617,335745],[440955,335483],[441749,335409],[442312,336321],[442970,336568],[443177,337276],[444066,337210],[444613,337962],[445894,338599],[446743,338072],[446435,337203],[446843,336339],[446620,336036],[446728,335804],[447397,335512],[449561,335527],[449674,334842],[450326,334699],[450693,333252],[450595,331940],[450911,331226],[450765,329696],[451850,329048],[451872,328608],[452467,328614],[452584,328160],[453522,327745],[454172,327829],[454660,328244],[455386,327748],[456339,327795],[456831,327292],[456908,327522],[457534,327503],[458373,326569],[458905,326488],[458761,326067],[460345,327791],[461119,328369],[461405,328225],[461363,327930],[460199,327291],[460305,326831],[460373,327007],[460800,326768],[460493,325710],[459901,324357],[459144,323752],[459619,323782],[460231,323411],[460421,323565],[461315,322862],[461253,323210],[461607,323565],[461396,323792],[461842,323880],[462610,323602],[463105,323244],[463198,322496],[463720,322836],[464173,322363],[463984,322191],[463746,322419],[462966,321606],[462852,321165],[463134,320730],[463872,320881],[463979,320389],[464337,320537],[464864,320066],[464937,320616],[465928,321076],[465911,320812],[466819,320282],[466854,319706],[466415,319429],[466953,319009],[466660,318449],[466033,318588],[465813,318266],[465152,318224],[464914,317795],[465277,316843],[466290,317221],[466620,316994],[466292,316232],[466426,315551],[467935,315760],[467832,315903],[468815,316133],[469603,316157],[470035,315849],[470178,316163],[470762,315773],[470752,315237],[471055,314791],[470475,314718],[470316,314893],[470374,314660],[469999,314471],[470199,313644],[469833,313674],[469853,313486],[469354,313318],[469252,312515],[468877,312651],[469228,312221],[468392,311128],[468176,311490],[466586,311740],[466380,311236],[466007,311952],[465710,311530],[465241,311589],[465029,310857],[464620,310807],[464534,310331],[464315,310306],[464425,309988],[463236,308794],[461898,310021],[461724,309418],[461265,309381],[461336,309092],[460724,308504],[459178,308668],[458453,308280],[458013,308841],[457651,308785],[457577,308426],[457098,308561],[457094,308552]]]]}},{"type":"Feature","id":"301","properties":{"id":"301","name":"Krems an der Donau(Stadt)"},"geometry":{"type":"MultiPolygon","coordinates":[[[[567943,502799],[566757,502576],[564865,501490],[564689,501840],[565050,502361],[564322,502854],[564641,502855],[564783,503417],[563966,503886],[563730,503462],[563066,503432],[562252,504170],[562888,504570],[562733,504803],[562976,505643],[562667,505672],[562228,506425],[563065,506780],[563998,506451],[566246,506266],[567310,507335],[568802,506873],[568734,507401],[569169,507204],[569901,508095],[571052,508283],[571087,507460],[570488,507424],[570391,506662],[570968,504356],[571685,504184],[572095,503480],[573115,503763],[573140,503169],[572734,503031],[572982,502916],[573068,502323],[573480,502102],[573480,501701],[574112,501610],[574757,501173],[575747,501465],[576741,500963],[577439,500133],[576930,499832],[575892,499792],[575621,499480],[574994,499566],[574850,499224],[573891,499448],[572881,499185],[572916,499800],[572046,500046],[569985,499414],[570407,499562],[570329,499898],[570562,499841],[570781,500292],[570047,500584],[569982,501132],[570455,501700],[570560,502309],[570345,503116],[568197,502836],[567943,502799]]]]}},{"type":"Feature","id":"302","properties":{"id":"302","name":"St. Pölten(Stadt)"},"geometry":{"type":"MultiPolygon","coordinates":[[[[572502,472890],[572341,472557],[572690,472288],[572402,471811],[571860,471769],[571794,471346],[569695,471921],[569321,471762],[569300,471469],[568799,472033],[568014,472051],[567536,472638],[567145,472717],[567061,474054],[567347,474037],[567413,474340],[567712,474238],[567679,474576],[568125,474664],[567869,476516],[566348,476671],[566394,476223],[565986,476093],[565544,476479],[565782,476857],[565302,477381],[565278,477850],[565274,478235],[565664,478265],[565679,478804],[566623,479188],[566459,480057],[566816,480111],[566660,480951],[567107,481429],[566714,481214],[566615,481487],[566804,482071],[567161,482307],[566860,482838],[567121,482956],[566951,483364],[567381,483436],[567325,483889],[567858,483378],[567819,483564],[568556,483968],[569382,483941],[569265,484325],[570370,484689],[571135,485728],[572183,485584],[572129,485403],[572997,485181],[573182,485838],[572995,486121],[573490,486224],[573178,486297],[573159,486556],[573353,486581],[573239,486869],[573621,487032],[573484,487392],[575435,487378],[575988,487622],[575913,487915],[576249,488143],[576451,487946],[576561,488103],[576940,487547],[578375,488009],[578612,487539],[578131,487334],[578263,486823],[577774,486624],[577909,486426],[577699,486098],[578546,483955],[578303,483731],[578210,482786],[577484,482547],[578041,482575],[577631,482226],[577630,481812],[576727,481630],[576732,481431],[576067,481440],[575510,481082],[575375,480149],[574233,480433],[573671,480268],[573224,479357],[573436,479318],[573271,478620],[573419,478312],[571953,477719],[571928,476913],[571677,476705],[571738,475813],[572755,475019],[572208,474284],[572759,474093],[572625,473509],[572799,473009],[572503,472891],[572502,472890]]]]}},{"type":"Feature","id":"303","properties":{"id":"303","name":"Waidhofen an der Ybbs(Stadt)"},"geometry":{"type":"MultiPolygon","coordinates":[[[[503713,449188],[502814,448954],[502436,448261],[500931,448698],[500252,449292],[499942,449234],[499558,449720],[498319,450030],[499089,449986],[499449,450245],[499336,450597],[499617,451105],[499391,451026],[499213,451376],[499546,452270],[499825,452454],[499100,452863],[499126,453350],[501330,454295],[501544,454890],[500877,455556],[501606,455426],[501612,455850],[502042,456338],[502570,456367],[502616,456640],[502963,456702],[503699,456154],[504380,456277],[504732,455769],[504799,455078],[505293,454475],[505711,454593],[505908,454194],[505942,454908],[507010,454646],[507574,454804],[507928,455360],[510543,455869],[510732,456526],[511927,457297],[512054,457800],[512389,457854],[512488,458152],[512898,457968],[513116,458144],[513894,458042],[513903,458973],[513703,459207],[513863,459312],[514997,458665],[514705,458514],[514857,458003],[515212,457824],[515788,457881],[516014,457569],[516224,457632],[516294,457892],[515773,458277],[515980,458355],[517043,458045],[517002,457527],[517189,457390],[515517,456485],[515923,456537],[516328,455956],[517106,455848],[517181,455578],[516879,455339],[518253,455131],[517996,455710],[518271,455839],[519420,455040],[519328,454807],[518873,454928],[518430,453918],[517342,454366],[516412,454451],[514967,453572],[514249,453603],[513813,453304],[512667,453470],[511823,453176],[511803,452594],[511182,451607],[511103,450767],[511698,448466],[512384,448025],[512132,447662],[512224,446679],[511976,446660],[511729,447116],[511549,446979],[511126,446547],[511323,445476],[510321,445329],[510124,444866],[509612,444588],[508736,443482],[507445,443239],[507582,443753],[506601,445133],[506662,445546],[505768,446525],[505419,447410],[504336,448157],[504219,449334],[503720,449190],[503713,449188]]]]}},{"type":"Feature","id":"304","properties":{"id":"304","name":"Wiener Neustadt(Stadt)"},"geometry":{"type":"MultiPolygon","coordinates":[[[[618460,436705],[618018,436542],[617913,434553],[616676,434728],[616035,431960],[615365,431636],[614559,431744],[613879,432393],[613908,432761],[613017,431440],[612025,430880],[610868,432232],[613170,434392],[613585,434073],[613700,434333],[613979,438132],[614450,438231],[614801,439847],[615410,439902],[614267,440427],[614204,440980],[613728,441133],[613912,442292],[614335,443122],[614798,442844],[615058,443832],[615416,443752],[615066,444260],[614736,444302],[614948,444584],[614819,444821],[616162,445368],[616118,442656],[619805,442496],[619866,443598],[620175,443469],[620726,441944],[620413,441421],[619789,441214],[619613,440910],[620885,440081],[620735,439625],[621070,438866],[620433,438657],[619874,437151],[619873,436554],[618386,436839],[618476,436703],[618460,436705]]]]}},{"type":"Feature","id":"305","properties":{"id":"305","name":"Amstetten"},"geometry":{"type":"MultiPolygon","coordinates":[[[[495843,450641],[495227,450769],[494022,451895],[493527,452762],[492278,453471],[491601,453591],[491151,454341],[489475,455206],[487395,455580],[486584,456057],[486484,457481],[486109,457630],[485035,459255],[485113,459513],[484615,460005],[484785,460479],[483747,461012],[484037,463006],[483456,463337],[483943,464304],[483557,465096],[484488,465400],[484710,465768],[484595,465967],[483925,465773],[483855,466301],[484554,467330],[486509,468705],[486077,469250],[484481,469862],[485208,471162],[485163,471841],[484423,472850],[485171,474127],[485604,475670],[485229,476544],[485484,477317],[485279,478227],[486054,481095],[488268,482716],[489495,482656],[492096,481630],[493202,481007],[495050,478170],[496093,477492],[496787,476463],[497642,475784],[498806,475483],[498783,475069],[499687,474446],[501060,473974],[502075,474599],[502092,475294],[502798,476403],[503572,476363],[504597,475707],[504858,476025],[508505,477035],[509526,477527],[511474,477834],[512464,478574],[513310,480421],[513189,481513],[513440,481950],[514292,482094],[515086,482636],[515532,482611],[515997,482124],[517515,482711],[519368,482467],[519782,482035],[521002,479490],[522320,478859],[523398,478677],[523355,478495],[522474,478569],[522358,477659],[522091,477684],[522314,477602],[522249,477362],[521038,477651],[520802,477052],[521824,476416],[521638,476141],[521895,475639],[521669,475059],[521908,474632],[521813,474267],[521304,473993],[521411,473602],[522328,472842],[522390,472376],[522057,472051],[522464,469850],[522269,469706],[522564,469657],[522422,469346],[522694,469225],[523346,469887],[523888,469797],[524081,470158],[524434,469772],[525268,469968],[525242,469605],[524984,469534],[525204,469272],[524933,468499],[525102,468365],[524695,468022],[525299,467594],[524552,467468],[524947,466615],[524314,464905],[524159,465128],[523736,465111],[523807,464857],[523041,465028],[522505,464576],[521704,464372],[521715,463088],[522145,462642],[522329,461570],[521582,461743],[521249,461518],[521154,461803],[520844,461453],[520606,461714],[520882,461203],[519749,461383],[519578,460995],[519141,460769],[518692,461038],[518321,460738],[518403,460463],[517703,460533],[517776,460120],[516871,460408],[517099,459283],[516672,458909],[516102,459025],[516130,459620],[515688,459894],[515611,459295],[514627,459510],[513894,459375],[513703,459207],[513903,458973],[513888,458037],[512488,458152],[512389,457854],[512054,457800],[511927,457297],[510732,456526],[510543,455869],[507928,455360],[507574,454804],[507010,454646],[505942,454908],[505908,454194],[505711,454593],[505293,454475],[504799,455078],[504732,455769],[504380,456277],[503699,456154],[502963,456702],[502616,456640],[502570,456367],[502042,456338],[501612,455850],[501606,455426],[500877,455556],[501544,454890],[501330,454295],[499126,453350],[499100,452863],[499825,452454],[499546,452270],[499213,451376],[499391,451026],[499617,451105],[499336,450597],[499414,450178],[499089,449986],[498183,450177],[496887,450065],[496456,450225],[496303,450572],[495842,450645],[495843,450641]]],[[[503366,437184],[504043,437906],[503923,438665],[504187,438897],[503938,439201],[503145,439441],[503049,439939],[503405,440340],[504913,441427],[506608,441932],[507389,443190],[508736,443482],[509612,444588],[510124,444866],[510321,445329],[511323,445476],[511126,446547],[511729,447116],[511976,446660],[512224,446679],[512132,447662],[512384,448025],[511698,448466],[511103,450767],[511182,451607],[512028,453342],[513290,453508],[513813,453304],[514249,453603],[514967,453572],[516412,454451],[517342,454366],[518917,453708],[520842,453972],[521037,453584],[520718,453071],[520931,452953],[520268,452532],[520578,452282],[521289,452336],[521284,452069],[520674,451230],[520740,450833],[520481,450691],[520393,448872],[520707,448836],[520994,448420],[521378,449131],[521907,449021],[522059,449280],[522467,449245],[522849,448840],[523118,449295],[523748,449145],[524158,449367],[524375,448377],[525005,447920],[525046,447500],[525330,447481],[524769,446925],[524814,446719],[523965,446873],[522160,446001],[522165,444594],[521653,443907],[520775,443395],[520257,442228],[519643,441683],[519925,440891],[519801,440471],[520230,440513],[520389,440015],[520894,439745],[520901,439058],[517814,437864],[517892,436836],[517548,436689],[517636,436270],[516337,435790],[516246,435423],[516778,435338],[516825,434883],[515675,434687],[514960,434091],[514001,433919],[513202,433394],[513990,431501],[515540,430867],[513649,429107],[513539,428695],[514365,427905],[513023,427152],[512332,427692],[512470,428226],[511377,428260],[510721,427462],[509946,427555],[507571,426199],[506869,427155],[505532,427844],[505205,428419],[505961,429462],[505172,429780],[504222,430649],[503309,433212],[504757,434240],[504775,434795],[503324,435835],[503067,436556],[503354,437157],[503366,437184]]]]}},{"type":"Feature","id":"306","properties":{"id":"306","name":"Baden"},"geometry":{"type":"MultiPolygon","coordinates":[[[[610558,446575],[608336,446870],[607448,446622],[607503,446321],[608579,445730],[608087,445776],[607817,445468],[607647,446068],[607155,446385],[605821,446497],[606231,447345],[605609,447841],[605750,448108],[606473,448077],[606319,448443],[603459,447854],[602931,448127],[602790,447868],[601375,447211],[600254,447183],[600318,447689],[599878,448346],[600439,449538],[600307,450323],[600953,451113],[600408,451542],[600276,451322],[599425,451233],[599088,450531],[598395,450901],[598690,451535],[598544,452159],[598950,452005],[599044,452608],[598312,452008],[597751,451971],[597556,451476],[596694,451686],[596357,451051],[595304,450775],[594995,451472],[595387,451722],[595512,452455],[595075,452991],[594718,453173],[594431,452910],[594073,452952],[593031,453945],[592608,453558],[591450,453413],[590049,454253],[589554,454290],[589255,454686],[589082,455604],[589580,456341],[589018,457797],[589041,458302],[589760,458834],[590778,458656],[591066,458363],[591568,458529],[592300,458024],[594231,458284],[595093,458716],[594994,459036],[594352,459294],[594073,459861],[593866,459759],[594197,460849],[595098,461498],[593965,461791],[593921,463647],[594112,464014],[593624,464156],[592694,464973],[592057,464802],[591670,464298],[590684,464724],[589904,464747],[589738,466547],[589401,467168],[591300,467823],[591486,468169],[592672,468899],[592609,469586],[592000,470137],[592050,470690],[592865,470596],[593280,470789],[593710,471708],[594921,472085],[594959,472403],[595554,472762],[595676,473164],[598082,475215],[598660,474443],[599677,474343],[600781,474823],[601204,474335],[602095,474509],[602038,474065],[602404,473794],[602793,473875],[602696,473532],[601452,472799],[601467,471673],[601887,471179],[602349,471058],[601680,470055],[602164,468301],[603127,469206],[604024,468784],[604525,469079],[604937,467272],[605795,467454],[605947,467096],[605780,466690],[606584,466156],[607184,467647],[607983,467510],[608359,467862],[608261,467471],[608592,468020],[608883,468101],[609712,467103],[610717,466621],[610404,465933],[610754,464800],[612191,464379],[613066,463845],[614207,463800],[615795,462468],[616295,463679],[616682,463814],[617139,463617],[617471,464118],[618645,463565],[618868,463846],[620108,463048],[620995,463660],[620866,464079],[621328,464736],[621562,464356],[622208,464241],[622979,463554],[625395,462538],[625099,462065],[625584,462087],[626902,460935],[628152,460473],[629344,460822],[629501,460347],[631624,459743],[632522,458933],[633155,458923],[634333,460854],[635301,461439],[635796,462765],[636532,463222],[639484,460697],[640760,459912],[640492,459519],[640613,459367],[640249,459271],[640193,458997],[640584,458331],[639771,457560],[639067,455789],[639424,455539],[639405,455287],[637763,454144],[637449,454222],[637492,453974],[636933,453839],[636897,453610],[636739,453850],[635702,454072],[634970,453416],[634311,453367],[634022,453657],[632660,452910],[632492,452467],[631867,452200],[631148,451297],[631173,450847],[630594,450549],[630718,450325],[630994,450403],[630664,449766],[630918,449394],[630734,448499],[630364,448596],[629984,448292],[630472,448017],[629897,447319],[630233,447005],[629347,446363],[628470,446955],[628628,447486],[628030,447042],[628491,448213],[627584,449304],[626196,447358],[625360,448276],[625243,448142],[624489,448683],[620490,450349],[619633,450029],[619259,450374],[618268,450240],[617513,449832],[616752,449993],[616994,450376],[616403,450745],[616451,450270],[616110,450393],[615851,450041],[616244,449559],[615849,449328],[615702,448287],[615083,448290],[615121,448472],[614555,448708],[614450,449159],[613775,449223],[612842,448723],[612393,447852],[611132,447432],[610566,446590],[610558,446575]]]]}},{"type":"Feature","id":"307","properties":{"id":"307","name":"Bruck an der Leitha"},"geometry":{"type":"MultiPolygon","coordinates":[[[[634124,460393],[633155,458923],[632522,458933],[631624,459743],[629501,460347],[629343,460822],[629888,463443],[629648,463949],[629810,464159],[629484,464365],[629766,464499],[629821,465684],[628753,466061],[628868,467204],[628436,468262],[628780,468414],[628437,469025],[629519,470023],[629507,470277],[626511,471106],[626861,472281],[627097,472191],[627187,472452],[626981,472511],[627360,474028],[628627,473702],[628881,473258],[629217,473309],[629124,473541],[629777,473597],[629945,473875],[631009,473568],[630640,475550],[632283,475797],[633837,477488],[633862,477856],[634652,477636],[635029,478056],[635412,477782],[636749,478085],[638770,476494],[641276,475688],[641305,476715],[642219,476784],[644073,475747],[646652,475237],[646706,474957],[647115,474850],[647177,473998],[647497,474556],[648257,474464],[648436,473921],[650153,474155],[652448,474798],[653775,475745],[654229,475579],[654736,474539],[655689,474151],[657202,474136],[657723,474831],[658472,475124],[659136,475226],[659835,474662],[661716,475380],[661504,475801],[661755,475977],[661468,477213],[661990,477983],[662586,477849],[663236,478095],[663408,477312],[663866,477123],[664465,477855],[665363,477410],[666675,479062],[667283,479027],[667550,479294],[667136,479677],[667435,480650],[667891,481355],[668479,481493],[669139,481360],[669736,480681],[670247,481055],[670824,481120],[672333,479871],[673677,479113],[674883,477809],[675623,477745],[676997,478240],[677609,476529],[677880,476423],[677958,476067],[677479,475956],[677841,475489],[677519,474868],[677679,474496],[676159,473681],[675737,471563],[673205,472376],[675079,473231],[674447,473874],[673853,473666],[673311,473054],[672770,474180],[671841,474464],[671819,473841],[671364,473517],[671170,473755],[670824,473143],[670665,472649],[671352,472554],[674378,470357],[673004,467907],[672346,465242],[671832,464607],[671384,464600],[671296,464951],[671052,464875],[671216,465987],[671456,465885],[671169,466393],[669472,467155],[667247,467460],[666889,468089],[667214,468780],[667020,469227],[665572,469693],[665497,469949],[665381,469769],[664939,469984],[664385,469244],[663751,469674],[663619,469342],[663457,469502],[663272,468921],[662764,468623],[662869,468276],[662588,468341],[662713,468028],[662453,467850],[662532,467663],[662058,467919],[661668,467643],[661819,467570],[661538,467063],[661733,466975],[661467,466933],[661547,466655],[661379,466439],[661382,466614],[661014,466486],[660544,465805],[661165,465694],[661262,465164],[660530,464630],[659633,464835],[659424,464561],[659124,464716],[659185,464533],[658646,464609],[658588,464420],[658428,464604],[658059,463920],[657483,463640],[657144,463899],[655742,462874],[655145,462833],[655079,462558],[654474,462880],[654506,462709],[653862,462762],[654051,462707],[653885,462561],[654020,462401],[653707,462246],[653416,462419],[653042,462170],[652008,462519],[651484,462155],[651284,462442],[651309,459702],[650915,459730],[650878,459488],[651460,458011],[651227,457811],[651252,457318],[649977,456546],[649315,456577],[648717,456160],[648292,456620],[647748,455992],[647829,455270],[646432,454817],[646251,454110],[646433,453014],[645883,452650],[644211,450261],[643422,449781],[642792,448377],[642278,448034],[642148,448838],[641592,449468],[640879,449765],[640589,450778],[640080,451087],[638286,453246],[637884,454226],[639444,455358],[639067,455789],[639771,457560],[640584,458331],[640193,458997],[640249,459271],[640613,459367],[640492,459519],[640760,459912],[639484,460697],[636532,463222],[635796,462765],[635301,461439],[635169,461534],[634735,460949],[634580,461103],[634128,460397],[634124,460393]]]]}},{"type":"Feature","id":"308","properties":{"id":"308","name":"Gänserndorf"},"geometry":{"type":"MultiPolygon","coordinates":[[[[645845,475456],[644073,475747],[642219,476784],[641305,476715],[641307,477481],[640981,477896],[641192,478321],[641025,478710],[640557,478817],[640089,478437],[639627,478873],[639686,478569],[639444,478598],[638944,479542],[639237,479775],[638986,480333],[638484,480174],[638778,479772],[638176,479814],[638481,479861],[638129,480215],[638209,480824],[638519,480787],[638227,480920],[638471,481827],[638022,482810],[638638,484455],[639067,487143],[638698,487270],[638714,487540],[638061,487529],[638530,489791],[636863,489782],[635976,490225],[636056,490582],[635492,490846],[636048,492196],[635084,492694],[635801,495270],[636652,497006],[638110,496704],[638364,497462],[640316,496783],[642441,495676],[643140,496438],[643478,495868],[645834,497301],[646627,498487],[644721,499208],[645151,500321],[644023,500595],[644144,501261],[642857,502490],[642910,502727],[641739,502864],[641637,504129],[640708,504695],[640457,505627],[639522,506841],[640040,506853],[640341,507354],[640059,508171],[639250,507902],[638469,508389],[638544,509749],[637919,511547],[637429,511809],[637530,512225],[637720,512365],[638215,512179],[638324,512547],[639440,512820],[639491,513037],[640421,512828],[641034,513080],[641998,512414],[642413,513494],[643457,513116],[644262,512510],[645670,514293],[645064,514824],[643721,515221],[643991,516659],[644447,517403],[645320,517397],[646026,518957],[647740,520070],[648709,519956],[647454,522817],[646969,523345],[647196,523547],[647161,524307],[646918,524594],[647832,525594],[647723,525796],[648609,526338],[648357,527987],[647597,529848],[646915,530321],[646467,531038],[648897,530094],[648630,529494],[650085,528443],[650891,528891],[650223,529383],[650339,530118],[650532,530160],[650363,530332],[650472,530742],[652573,530762],[653903,531887],[654406,531212],[655214,531182],[655720,530899],[655642,530180],[656617,529648],[656674,529871],[657360,529842],[658969,528997],[659849,529408],[659460,529611],[659446,530011],[659881,530101],[658941,530828],[659814,532037],[662154,531283],[663344,531203],[663357,532513],[663067,532906],[663720,533101],[663873,533394],[664385,533173],[664496,532764],[664709,533047],[664697,532752],[664883,532776],[664611,531656],[664255,531381],[664264,530903],[665856,530407],[666047,529175],[665461,528544],[665956,526663],[665763,525307],[666481,524091],[666379,523223],[667254,522211],[666935,521153],[666344,520416],[666574,519803],[664966,519560],[665066,518821],[664465,518629],[664768,516794],[664364,516696],[663868,517101],[663185,516809],[662800,516301],[663292,515715],[662890,515129],[662881,514594],[662182,514678],[661733,513551],[661098,513319],[660713,512604],[661057,512207],[661014,511913],[660079,511475],[660259,509866],[661221,508174],[660299,507094],[660767,505581],[660400,504944],[660429,504113],[660033,503938],[659407,504141],[659170,503724],[659799,502807],[659691,502016],[660121,500461],[660723,500198],[662305,500357],[662451,500014],[662049,499499],[662228,499160],[665037,497955],[665049,497620],[664193,496695],[664071,496159],[664551,494865],[666075,492651],[666161,492170],[666545,491948],[668048,491926],[668935,491220],[668554,490405],[668267,488080],[669507,486463],[669580,485703],[670759,483020],[670824,481120],[670247,481055],[669736,480681],[669013,481418],[667891,481355],[667136,479677],[667550,479294],[667283,479027],[666675,479062],[665363,477410],[664465,477855],[663866,477123],[663408,477312],[663236,478095],[662586,477849],[661931,477953],[661468,477213],[661755,475977],[661504,475801],[661716,475380],[659835,474662],[659057,475220],[657723,474831],[657202,474136],[655689,474151],[654736,474539],[654229,475579],[653775,475745],[652448,474798],[648436,473921],[648257,474464],[647497,474556],[647177,473998],[647115,474850],[645874,475450],[645845,475456]]]]}},{"type":"Feature","id":"309","properties":{"id":"309","name":"Gmünd"},"geometry":{"type":"MultiPolygon","coordinates":[[[[513084,525179],[512481,524740],[512203,523661],[511523,524251],[511406,523804],[510785,524030],[510463,522743],[509642,522979],[509180,523391],[508615,522818],[508207,522814],[508061,522342],[507574,522592],[507344,522331],[507251,522131],[507804,521923],[507881,521629],[507601,521088],[507121,520961],[507835,520533],[508051,520833],[508309,520727],[508166,520315],[509327,519183],[509132,518226],[508887,518469],[508318,518428],[507057,518913],[506335,518357],[505847,518650],[505558,519276],[505186,519280],[504575,519137],[504117,518653],[504127,517961],[503844,517881],[503610,518016],[503689,518490],[503176,519016],[502712,519052],[502471,519888],[501771,520852],[500154,521162],[500358,521575],[500954,521285],[501316,521553],[501450,522514],[502393,523509],[501844,525175],[502397,527518],[502176,527709],[502109,528706],[501651,528802],[502054,530588],[502675,532003],[502591,532725],[503156,533983],[503644,534534],[504718,534769],[504823,535446],[506069,535726],[506903,536486],[507527,537775],[508531,538246],[507941,539736],[508720,541315],[508655,541969],[508315,542450],[508575,542701],[508475,543240],[509703,543825],[509986,543457],[510953,543862],[511215,543365],[511427,543475],[511599,543134],[512045,542973],[512849,543575],[513809,543489],[514172,543089],[514080,542581],[514330,542384],[514935,542641],[515668,542068],[516508,542402],[517557,542058],[518172,541485],[519065,541554],[519333,541152],[521042,542765],[521045,543571],[519086,544645],[519241,545008],[519056,545263],[519352,545758],[519197,545962],[519572,546322],[519381,547364],[520204,548490],[520074,549945],[520332,550536],[521246,550569],[521232,550972],[520722,551752],[520402,551740],[520320,554138],[521118,554165],[521054,555967],[521453,555982],[521321,556496],[521632,556686],[521716,557436],[521475,558748],[521081,559694],[520641,560083],[520663,560446],[521172,560971],[520390,563168],[520333,564855],[520474,565908],[520665,565652],[520906,566600],[521866,567219],[521661,567358],[522056,568531],[521284,569174],[521616,569744],[522201,569398],[523546,570426],[524039,569890],[524964,569458],[525940,569932],[526758,569801],[526913,568918],[526708,568697],[526751,568173],[528746,567925],[529525,567597],[529921,568194],[531453,568049],[531717,568409],[532020,568077],[533408,567650],[533627,566957],[533108,566245],[533918,565904],[533744,565276],[534198,565044],[534526,564199],[534000,563639],[533513,562382],[533871,562142],[533807,561826],[534264,561723],[534537,560933],[535889,559837],[535474,559417],[535431,557532],[535773,557292],[535379,556907],[535767,556695],[535419,556358],[535742,556176],[535478,555911],[536017,555730],[536066,555201],[535670,554960],[535059,555338],[534235,554668],[534245,554122],[534996,553206],[534972,552592],[534688,552363],[533803,552479],[533471,552293],[533615,551724],[533181,551066],[533466,551124],[533553,550875],[533184,550776],[533068,550447],[533475,550464],[533939,550031],[533957,549279],[533751,549024],[534560,548648],[534937,547541],[534069,547284],[533805,545737],[533293,546161],[532638,545561],[531923,545286],[532132,544727],[531830,543956],[532379,543011],[531194,541917],[531184,541577],[532141,541032],[532513,540447],[533252,540387],[533184,538577],[533476,538260],[533183,537839],[533981,537802],[534255,537467],[534116,537104],[533481,537067],[533874,536492],[533269,533974],[532993,533706],[532651,533830],[531889,535438],[532076,536014],[531520,536414],[530701,536300],[530640,535902],[530116,536064],[530041,535760],[530494,535342],[530388,535194],[530748,535162],[531081,533741],[530576,533831],[530157,534276],[529580,534222],[528516,535080],[527568,534364],[526968,534449],[526635,535071],[525180,535402],[525038,535160],[524362,535309],[524483,534949],[524101,535040],[523913,534824],[522664,534878],[522168,535224],[522395,534218],[521112,534400],[521929,533157],[521945,532281],[521063,531960],[521432,531592],[521395,531314],[521843,531289],[521991,530919],[522656,530719],[522821,530368],[522677,530034],[523239,529493],[523844,529486],[524174,529030],[524206,528861],[523526,528614],[523163,526481],[522815,526571],[522731,526985],[522010,527470],[520820,526302],[520306,526293],[519597,526713],[519406,527088],[519099,526954],[518272,525309],[518178,524656],[517472,525106],[516313,525267],[515572,526083],[514366,526111],[514535,525708],[514257,525422],[513642,525688],[513088,525193],[513084,525179]]]]}},{"type":"Feature","id":"310","properties":{"id":"310","name":"Hollabrunn"},"geometry":{"type":"MultiPolygon","coordinates":[[[[582735,513320],[582585,512427],[581688,512794],[581141,512525],[580519,512780],[580759,513447],[580313,513610],[580225,514049],[580419,514228],[579064,514513],[578654,516145],[578094,516685],[577379,516866],[577276,518073],[577715,518644],[578656,518803],[579272,518267],[579391,518680],[578257,519840],[578097,520434],[578313,521189],[577483,521749],[578769,522793],[578979,523248],[579605,522839],[579917,523003],[579965,523508],[580544,523104],[580940,523128],[581077,523404],[581694,523501],[581800,523944],[583019,523526],[583846,523870],[583688,524351],[583073,524859],[583063,525234],[583784,525320],[584025,525581],[584483,525459],[584467,525116],[584914,525748],[585328,525598],[587641,525808],[589924,525268],[589687,527879],[589985,529620],[589933,531382],[591169,532557],[591816,532544],[592052,532992],[591812,533049],[592054,533525],[591136,533823],[587598,534296],[587583,534500],[586678,534531],[584618,535190],[583946,534888],[584025,535449],[582736,535553],[582716,537073],[582513,537275],[581484,537042],[582145,537352],[582054,537686],[582756,537826],[582771,538089],[583314,538111],[582973,538608],[583129,539204],[581941,539423],[582537,540409],[583073,540917],[583533,540548],[583906,541150],[584524,541083],[584854,541457],[585359,541142],[585950,541870],[586120,543774],[586716,543526],[587570,544009],[587037,544839],[587110,545526],[587660,545901],[587608,546137],[586203,546874],[585437,546425],[584282,546793],[584194,546397],[583382,546619],[583750,547125],[582595,547595],[582937,548817],[581671,549020],[581489,550289],[578047,550034],[576231,550530],[577619,553093],[578871,554519],[579463,555717],[582999,555402],[583855,556154],[584260,555960],[584174,555650],[584812,555069],[584054,554434],[584152,554166],[585237,553990],[585762,553413],[586531,553732],[586249,554308],[586656,554239],[586950,553812],[586908,552956],[587285,552311],[587690,552443],[587911,553111],[588220,553048],[588807,552008],[588232,551924],[587884,552474],[587760,551949],[587946,551512],[589883,552036],[590039,551624],[590715,551484],[590253,550468],[591037,549887],[591465,549945],[591537,550863],[591988,550762],[591915,550295],[592769,550385],[592892,550025],[592334,549354],[592194,548384],[592949,547653],[593606,547510],[595592,545606],[599942,543729],[600854,543048],[603003,542245],[603974,542128],[604719,542477],[606341,541923],[606355,542219],[607144,542002],[607421,542634],[612567,541857],[612511,541209],[612006,541361],[612674,540776],[612523,540086],[612954,539940],[612971,539323],[612472,538420],[612861,538047],[612249,537645],[611728,537624],[611719,537149],[612172,537140],[612155,536354],[611485,534554],[611180,534314],[611328,531615],[613618,532148],[613671,532703],[615431,532460],[615790,531231],[615109,530939],[615645,530203],[615336,530110],[615478,528868],[615988,527377],[616443,526702],[618395,527146],[618851,527497],[619083,526857],[618939,525904],[618394,525881],[617968,525404],[618138,522739],[617749,521998],[617708,521344],[616707,522486],[616397,523306],[614980,522762],[613722,522960],[613824,522323],[613278,522336],[613132,522139],[613179,520565],[612754,520121],[610986,519616],[610789,519307],[610988,518852],[610425,518305],[610319,517372],[610934,516915],[611087,516297],[610674,514739],[611046,514334],[610648,513525],[610381,513720],[609714,511949],[608779,512315],[608595,512734],[607885,511342],[607588,511102],[607370,511287],[607067,510841],[606134,511032],[604920,512146],[604603,511916],[604377,510967],[602930,511258],[602004,511977],[602373,514147],[601558,514178],[600877,513548],[600480,513987],[600048,513903],[599830,513481],[599377,513421],[598929,513753],[598862,514116],[598223,514312],[596915,513967],[596087,514641],[595415,513394],[594950,513104],[594067,513451],[592635,512692],[592309,512839],[591942,512052],[591193,512305],[590507,511939],[590201,512558],[590133,513712],[589622,513856],[588294,513805],[587526,513444],[586523,513674],[586162,512945],[586445,512893],[586285,512238],[585282,512823],[585467,513001],[585317,513083],[584339,513212],[583242,513817],[582720,513338],[582735,513320]]]]}},{"type":"Feature","id":"311","properties":{"id":"311","name":"Horn"},"geometry":{"type":"MultiPolygon","coordinates":[[[[566052,525915],[565550,525582],[565426,525941],[565928,527287],[563722,527198],[563399,527364],[563432,527745],[562964,527944],[561787,527880],[561886,528348],[562282,528310],[562677,528709],[562537,529427],[560826,529564],[559460,529929],[558681,530432],[558340,529934],[557965,530132],[557701,529222],[556657,529844],[555647,530051],[555743,530672],[554025,532045],[554343,532694],[555586,532374],[555860,532860],[556340,532734],[555987,534439],[555132,535371],[554346,535684],[554772,537810],[555329,537642],[555795,538779],[556770,538419],[557902,538574],[558125,539602],[558957,539841],[559006,540679],[558655,541152],[558909,541150],[558890,541597],[559542,541690],[559216,542539],[559453,542806],[560560,542227],[561260,542519],[561298,542924],[560812,543355],[559311,543990],[560824,545292],[560793,545648],[560217,546190],[560934,547011],[561117,547759],[560211,548710],[561029,549334],[561767,549077],[561635,549827],[562770,549531],[563040,549814],[562962,550176],[563261,549813],[563543,549838],[563971,550293],[564456,550406],[564654,551239],[566195,551332],[566998,551798],[566325,553258],[566095,553390],[565577,553014],[565545,553833],[565240,553887],[564715,554697],[564962,555396],[565566,555115],[565759,555638],[565893,555404],[566071,555600],[566894,555353],[567020,555532],[567007,555721],[565821,555910],[565254,556242],[565035,556491],[565154,556836],[564892,556869],[564906,557374],[565361,557382],[565286,557636],[565476,557698],[567013,557744],[567136,557942],[567669,557663],[568489,556510],[568965,556481],[568897,556753],[569113,556781],[570364,556167],[572940,553378],[574348,553978],[574763,553876],[574684,553696],[577645,553133],[576231,550530],[578047,550034],[581489,550289],[581671,549020],[582937,548817],[582595,547595],[583750,547125],[583382,546619],[584194,546397],[584282,546793],[585437,546425],[586203,546874],[587608,546137],[587660,545901],[587110,545526],[587037,544839],[587570,544009],[586716,543526],[586120,543774],[585950,541870],[585359,541142],[584854,541457],[584524,541083],[583906,541150],[583533,540548],[583073,540917],[582537,540409],[581941,539423],[583129,539204],[582973,538608],[583314,538111],[582771,538089],[582756,537826],[582054,537686],[582145,537352],[581484,537042],[582513,537275],[582716,537073],[582736,535553],[584025,535449],[583946,534888],[584618,535190],[586678,534531],[587583,534500],[587598,534296],[591136,533823],[592054,533525],[591812,533049],[592052,532992],[591816,532544],[591169,532557],[589933,531382],[589985,529620],[589687,527879],[589924,525268],[587641,525808],[585328,525598],[584914,525748],[584467,525116],[584483,525459],[584025,525581],[583784,525320],[583063,525234],[583073,524859],[583688,524351],[583847,523872],[583384,523623],[582574,523602],[581800,523944],[581694,523501],[581077,523404],[581043,523143],[580544,523104],[579965,523508],[579917,523003],[579605,522839],[578979,523248],[577979,522079],[577721,522125],[578071,523116],[577239,523264],[576058,523031],[576058,522840],[575190,522991],[575241,521988],[574729,521836],[574243,521178],[572950,521594],[572558,521571],[572629,521243],[572276,521629],[571874,521085],[570132,521867],[570261,522143],[569480,522356],[569541,522017],[568969,521819],[569559,521499],[569398,521290],[570090,520597],[569547,520771],[569159,520510],[568646,521140],[568048,521312],[567805,521961],[567389,522165],[567001,524128],[567587,524815],[567185,525349],[566061,525911],[566052,525915]]]]}},{"type":"Feature","id":"312","properties":{"id":"312","name":"Korneuburg"},"geometry":{"type":"MultiPolygon","coordinates":[[[[609905,499584],[610022,499214],[608430,498655],[608598,499100],[608037,499217],[607399,498776],[606992,498269],[607710,497652],[607282,497502],[606920,497850],[606604,497588],[606187,497763],[605759,497523],[605826,497322],[604377,499219],[603979,499298],[603861,499887],[603617,499287],[602919,499338],[602940,499066],[603282,499049],[603092,498708],[603300,498373],[603097,498340],[602753,498685],[603011,498987],[601644,499913],[602113,500492],[601470,500524],[601558,500270],[600642,500305],[600386,501048],[599907,500690],[599092,501271],[598000,500985],[598013,500488],[597180,500488],[596610,500888],[596612,501242],[597132,501261],[597037,502603],[597289,503488],[597294,504442],[596677,504443],[596598,504695],[596916,506246],[597934,506387],[597799,506714],[598055,506764],[598173,507104],[598764,507091],[598485,508201],[598590,509647],[598057,509841],[599053,511274],[599368,512255],[599062,512823],[599025,513696],[599745,513453],[599940,513863],[600480,513987],[600877,513548],[601558,514178],[602373,514147],[602029,511915],[602930,511258],[603752,511061],[604377,510967],[604603,511916],[604920,512146],[606134,511032],[607067,510841],[607370,511287],[607588,511102],[607885,511342],[608595,512734],[608779,512315],[609714,511949],[610381,513720],[610648,513525],[611046,514334],[610674,514739],[611068,516102],[610970,516843],[610319,517372],[610425,518305],[611017,518929],[610801,519365],[611294,519773],[612754,520121],[613179,520565],[613132,522139],[613278,522336],[613824,522323],[613722,522960],[614980,522762],[616397,523306],[616707,522486],[617708,521344],[617749,521998],[618138,522739],[619059,522598],[619571,522929],[620055,525280],[619774,525453],[619893,525652],[620120,525824],[620394,525157],[621475,524687],[621846,524006],[622114,524109],[622118,524480],[621752,526331],[622408,526619],[622673,526378],[623066,526426],[623670,525617],[623904,524477],[624372,524404],[624798,523789],[625898,523935],[625524,523627],[625498,522940],[623869,521509],[623796,521090],[625300,520317],[625525,519982],[626592,519930],[626686,519716],[627009,519796],[627526,519516],[626893,519218],[626865,518650],[627184,518588],[627144,518416],[626566,518418],[626611,517763],[626277,517160],[627297,516604],[627544,516963],[628795,517186],[628807,516840],[628571,516844],[628594,516177],[629178,516173],[629244,515610],[628894,515209],[629296,514521],[629138,513938],[629309,513425],[629226,512727],[628987,512829],[629498,512387],[628658,512299],[628281,510867],[627737,510719],[627386,510072],[627641,508774],[628437,508755],[628835,509294],[629261,509153],[629664,509335],[629660,508904],[630246,508444],[629361,508314],[629283,507937],[630241,507378],[629618,505431],[629079,505428],[629384,505688],[629081,505799],[628516,505623],[629035,505344],[628325,502318],[628726,502493],[628600,502192],[628784,501898],[629777,501617],[630227,501172],[630122,500887],[630432,500852],[630420,499719],[630946,499431],[631174,499709],[631532,499590],[631695,499154],[631965,499267],[631959,499036],[632649,498712],[633029,499148],[633223,499072],[633312,499497],[633510,499411],[636652,497006],[635801,495270],[635090,492696],[633514,492983],[633746,491418],[633607,490750],[633373,490802],[630497,492682],[630190,495439],[628746,496033],[627694,495620],[627606,495331],[626946,495583],[627010,495953],[626702,495918],[626596,495545],[626283,495579],[625950,495076],[626438,493615],[625962,493625],[625673,492937],[625912,492153],[625099,491922],[625366,491342],[625094,491258],[624624,491506],[623479,493466],[623426,495061],[623138,495539],[622343,496219],[621845,497035],[619170,498608],[619373,498989],[618930,499329],[617790,499712],[617026,499090],[615150,499270],[614015,500152],[614512,499420],[613952,498798],[613173,499510],[612377,499522],[611554,500302],[611002,499749],[610419,500222],[609830,499820],[609904,499585],[609905,499584]]],[[[597040,507046],[596939,506371],[596082,506462],[596321,507308],[597032,507253],[597040,507061],[597040,507046]]]]}},{"type":"Feature","id":"313","properties":{"id":"313","name":"Krems(Land)"},"geometry":{"type":"MultiPolygon","coordinates":[[[[552210,487946],[551044,488672],[550035,488518],[549778,488801],[549183,488488],[548839,488716],[548912,488489],[548497,488235],[548571,488059],[547445,487937],[546742,487413],[546534,487617],[546953,488132],[546273,488086],[545823,488460],[545242,488098],[544983,488355],[545439,489345],[545254,489324],[545172,489688],[545739,490029],[545656,490609],[546335,491293],[546069,491738],[545417,491886],[546100,492540],[545954,493086],[546180,493401],[546922,493426],[547138,493952],[547813,494067],[548480,494839],[548550,495832],[548261,495814],[548346,496060],[547891,496491],[547507,496520],[547041,496104],[546729,496565],[546013,496386],[545771,496775],[545264,496623],[543618,498416],[543533,498963],[543976,498935],[544856,499461],[545182,499944],[545013,500505],[545451,500521],[545439,500284],[545932,500369],[546220,500860],[546625,500806],[546616,501107],[547080,501289],[547364,501236],[547810,500398],[548532,500646],[548434,501922],[548719,502012],[548629,501582],[549345,501273],[549767,501537],[550031,501428],[550105,502100],[550710,502276],[551342,503209],[550470,503123],[550608,503531],[550339,503452],[550621,504325],[549538,504400],[549870,505085],[549594,505437],[548271,504840],[547839,505454],[548319,506503],[547693,506599],[547481,507561],[547003,508241],[546565,508299],[546446,509018],[546149,509249],[544896,509434],[544551,509256],[544355,510453],[543982,511052],[543984,511592],[544767,512019],[544469,512266],[544855,512066],[545024,512315],[546902,512747],[547066,513306],[546643,514186],[546138,514432],[545844,515450],[546012,515956],[546634,516496],[546588,516845],[547105,516959],[546913,517330],[547293,517276],[547080,517651],[547065,518986],[546678,519254],[546869,519803],[546613,519967],[546798,520217],[546474,520236],[546744,520492],[546409,520876],[546208,520739],[545968,521428],[546136,521510],[545685,521847],[545740,522164],[545964,522135],[546735,523041],[546827,522776],[546966,523125],[546727,523645],[546364,523698],[546772,524232],[546710,525042],[547659,524982],[547735,525339],[548342,525568],[548571,525473],[548535,525127],[548938,525733],[549090,525267],[548920,524059],[549270,524067],[549228,523501],[549819,523138],[549490,522546],[549772,522081],[550879,521828],[551629,523076],[552262,523543],[553319,522691],[553809,523023],[553755,523879],[554364,523261],[555277,523549],[554450,524728],[554659,525582],[555195,526338],[557231,526230],[557584,525861],[558246,525764],[558309,525536],[558627,525644],[558564,525328],[559160,524378],[559447,524481],[559694,525312],[560588,524336],[560647,524516],[560125,524768],[559857,525242],[560784,525160],[560974,525376],[559993,526177],[559944,526949],[560973,528233],[562074,527822],[562964,527944],[563432,527745],[563399,527364],[563722,527198],[565928,527287],[565428,525973],[565550,525582],[566052,525915],[567185,525349],[567587,524815],[567001,524128],[567389,522165],[567805,521961],[568048,521312],[568646,521140],[569159,520510],[569547,520771],[570090,520597],[569398,521290],[569559,521499],[568969,521819],[569541,522017],[569480,522356],[570261,522143],[570132,521867],[571874,521085],[572276,521629],[572629,521243],[572558,521571],[572950,521594],[574243,521178],[574729,521836],[575241,521988],[575190,522991],[576058,522840],[576058,523031],[577239,523264],[578077,523114],[577490,521724],[578313,521189],[578097,520434],[578257,519840],[579391,518680],[579272,518267],[578656,518803],[577715,518644],[577276,518073],[577379,516866],[578094,516685],[578654,516145],[579064,514513],[580419,514228],[580225,514049],[580313,513610],[580759,513447],[580519,512780],[581074,512678],[580935,512089],[581322,511311],[580791,510856],[580774,509982],[580426,509717],[580020,507492],[579678,507686],[579319,507201],[579866,507028],[579969,505814],[579417,504288],[578690,503797],[578818,503158],[578647,502617],[577918,502383],[577511,502677],[577165,501994],[576196,502032],[576817,501763],[576684,501397],[577170,501033],[577225,501385],[577544,501441],[577551,500819],[577184,500467],[576574,501084],[575747,501465],[574757,501173],[574112,501610],[573480,501701],[573480,502102],[573068,502323],[572982,502916],[572734,503031],[573140,503169],[573115,503763],[572095,503480],[571685,504184],[570968,504356],[570391,506662],[570488,507424],[571087,507460],[571052,508283],[569901,508095],[569169,507204],[568734,507401],[568802,506873],[567310,507335],[566246,506266],[563998,506451],[563065,506780],[562276,506488],[562667,505672],[562976,505643],[562733,504803],[562888,504570],[562252,504170],[563066,503432],[563730,503462],[563966,503886],[564783,503417],[564641,502855],[564322,502854],[565050,502361],[564689,501840],[564865,501490],[566831,502607],[570345,503116],[570560,502309],[570455,501700],[569982,501132],[570047,500584],[570781,500292],[570562,499841],[570329,499898],[570407,499562],[569985,499414],[570877,499533],[571918,500048],[572916,499800],[572870,499212],[573170,498686],[572900,498024],[573153,496571],[572089,496075],[572051,495695],[570900,495374],[570152,494337],[569305,494472],[569140,495083],[567196,495227],[567187,495925],[566963,495792],[566492,496141],[565982,495541],[564275,495479],[564272,495232],[563605,495089],[562933,494345],[561175,494341],[561466,493425],[560783,493302],[559600,493604],[558340,492532],[557817,493173],[556408,491867],[556635,493103],[556349,493736],[555039,493607],[554019,493786],[554152,492815],[553602,489456],[552589,488264],[552210,487946]]]]}},{"type":"Feature","id":"314","properties":{"id":"314","name":"Lilienfeld"},"geometry":{"type":"MultiPolygon","coordinates":[[[[571271,443973],[571457,442902],[571262,442539],[571777,442016],[571739,441474],[571138,441184],[570819,440457],[571358,440110],[571433,439591],[572108,438819],[572111,437896],[571946,437606],[571117,437285],[570909,436292],[569796,435839],[570539,434014],[571352,433540],[570988,431511],[570563,431315],[570817,430462],[570402,430583],[568882,430138],[567869,430226],[567060,429730],[566509,429833],[566302,430158],[564627,429706],[564031,429893],[563494,429748],[563081,430457],[563507,430737],[563666,431451],[563176,431970],[561227,432367],[559465,432216],[558995,432552],[558634,432525],[557733,434512],[557336,434588],[556532,433838],[555640,433787],[555042,435502],[555227,436889],[554846,437101],[554114,436865],[554058,437290],[552860,438225],[551801,438017],[551663,438241],[550604,438193],[550078,438432],[549733,438363],[549031,437625],[548503,437844],[547873,437490],[547149,437552],[546741,436302],[546960,435303],[546669,435147],[546652,434498],[546390,434145],[544532,434472],[544179,434301],[542407,435004],[541143,434665],[541030,435802],[541961,436684],[540334,437157],[539805,437849],[538268,437939],[538025,438346],[538214,438644],[537066,439605],[536772,440487],[537723,440681],[539872,441959],[540754,442203],[541441,443002],[542598,443234],[543149,442798],[543773,442879],[544004,443006],[544277,444220],[544825,443881],[545230,444083],[546354,443961],[548064,445082],[548931,444741],[549370,445252],[551514,445489],[552411,446384],[553738,446487],[554236,446778],[554262,447241],[553760,447813],[554072,448406],[554944,448510],[555675,448908],[555839,449760],[556646,450343],[556437,451041],[556706,452039],[557253,452177],[556770,453017],[557745,453371],[559207,453338],[560144,454227],[561105,454578],[561175,455131],[561618,455700],[561538,457404],[562505,458137],[564148,458858],[563899,459937],[563072,460861],[563026,462096],[563205,462544],[563750,462794],[563279,463523],[563576,463812],[563515,464206],[564343,464634],[564724,465137],[565578,465172],[565295,465800],[566663,465945],[567517,465571],[568219,466304],[568903,466033],[569013,465606],[570555,465679],[571118,465890],[570794,466650],[571520,466460],[571769,467170],[573278,467535],[573485,467984],[575138,468195],[575914,467962],[576349,468328],[576327,467778],[576750,467873],[578047,467534],[578674,466984],[580017,467400],[581058,467314],[581594,466387],[585211,467483],[585459,467173],[585396,466687],[585919,466274],[586568,466187],[587211,465552],[588677,466299],[589401,467168],[589738,466547],[589904,464747],[590684,464724],[591670,464298],[592057,464802],[592694,464973],[593624,464156],[594112,464014],[593921,463647],[593965,461791],[595098,461498],[594197,460849],[593866,459759],[594073,459861],[594352,459294],[594994,459036],[595093,458716],[594231,458284],[592300,458024],[591568,458529],[591066,458363],[590288,458782],[589760,458834],[589162,458417],[589018,457797],[589580,456341],[589082,455604],[589554,454290],[589256,454168],[589199,453451],[588579,452844],[586240,452392],[585631,451651],[585104,451396],[583680,451486],[582388,450884],[582036,451154],[581200,451209],[580595,450753],[580422,450165],[579838,449934],[579749,449437],[577990,448819],[577822,448622],[577922,447999],[576234,446654],[576298,446119],[576061,445757],[575165,445659],[575346,447097],[574444,447456],[574041,447219],[573910,446291],[573364,445413],[572470,445310],[572396,444752],[571274,444096],[571271,443973]]]]}},{"type":"Feature","id":"315","properties":{"id":"315","name":"Melk"},"geometry":{"type":"MultiPolygon","coordinates":[[[[522170,470840],[522057,472054],[522390,472376],[522328,472842],[521411,473602],[521304,473993],[521813,474267],[521908,474632],[521669,475059],[521895,475639],[521638,476141],[521824,476416],[520802,477052],[521038,477651],[522249,477362],[522314,477602],[522091,477684],[522358,477659],[522474,478569],[523355,478495],[523398,478677],[522242,478892],[521993,479018],[522035,479269],[521284,479574],[521587,480076],[521324,480233],[521209,480788],[520521,480842],[520312,481240],[521099,482492],[521023,482699],[521426,482602],[521947,483015],[521595,483414],[521632,484354],[523195,485463],[522890,486153],[523002,488008],[522746,489783],[522482,490066],[522622,492427],[522192,492860],[521703,492726],[520739,493065],[519953,492732],[519442,492843],[519842,494603],[520108,494803],[519941,495301],[520075,497087],[520459,498447],[520853,498973],[521004,498658],[520722,498354],[520707,497813],[520938,497356],[521491,497669],[522074,498740],[522774,498201],[523377,498603],[523383,498906],[523908,498620],[524017,498071],[524635,497829],[524848,498107],[525917,497420],[526574,497347],[527407,496571],[527281,497224],[527849,496128],[529548,495912],[530147,495595],[530436,496132],[530788,496115],[530907,495661],[530652,495413],[530937,495331],[530628,495115],[530566,494621],[530803,494259],[531003,494734],[531344,494748],[531752,494042],[532114,494179],[532108,494381],[532338,493982],[532905,493749],[533487,493811],[533554,494158],[533887,494184],[533732,494545],[533973,494727],[533558,495045],[533872,495474],[534877,495780],[535827,495269],[535817,495990],[536482,496379],[536483,497625],[536674,497635],[537318,496600],[537644,496606],[537902,497372],[538518,497760],[538548,498021],[540282,497266],[541279,497278],[542198,496815],[542200,497265],[541626,497737],[541800,498066],[541574,498257],[541604,498649],[541351,498684],[541524,499117],[542771,498736],[542964,499120],[543533,498963],[543618,498416],[545264,496623],[545771,496775],[546013,496386],[546729,496565],[547041,496104],[547507,496520],[547891,496491],[548346,496060],[548261,495814],[548550,495832],[548449,494782],[547727,493991],[547138,493952],[546922,493426],[546089,493351],[546100,492540],[545417,491886],[546069,491738],[546341,491337],[545656,490609],[545739,490029],[545172,489688],[545254,489324],[545439,489345],[544986,488340],[545242,488098],[545823,488460],[546273,488086],[546953,488132],[546534,487617],[546742,487413],[547445,487937],[548571,488059],[548497,488235],[548912,488489],[548839,488716],[549183,488488],[549778,488801],[550035,488518],[551044,488672],[552121,487871],[552635,488302],[553602,489456],[554152,492815],[554019,493786],[555039,493607],[556349,493736],[556635,493103],[556408,491867],[557817,493173],[558340,492532],[559600,493604],[560783,493302],[561296,493411],[561579,493062],[561466,492402],[561860,492353],[562141,492599],[563080,492192],[562472,491942],[562710,490510],[562423,490643],[562605,490237],[562351,489505],[560907,490036],[560855,489386],[560283,489165],[560450,488547],[561035,488187],[560773,487509],[559390,487446],[559642,486648],[559201,486707],[558410,486368],[558138,486559],[557307,486011],[557270,485637],[557704,485610],[558067,485063],[557424,484103],[557381,483746],[557636,483599],[556404,482831],[555886,481484],[555261,481148],[556616,479597],[556674,477586],[557047,477645],[556936,476121],[557713,475426],[558119,475533],[558196,475018],[559113,474834],[558977,474331],[558257,474119],[557830,473626],[558258,473591],[558132,473369],[558673,473149],[559230,473201],[559476,473498],[559334,473949],[559662,473983],[559969,473918],[559769,473709],[559992,473537],[560523,473495],[560611,473260],[560782,473473],[561719,473189],[561791,473700],[561982,473237],[562555,473379],[562598,472977],[562011,472951],[561852,472708],[561910,472422],[562508,472479],[562519,472272],[561529,472046],[561648,470916],[560581,470804],[560631,470334],[559662,470234],[559185,469853],[559210,469585],[556793,468947],[557382,468116],[556682,467861],[557108,466377],[556312,465955],[556260,465303],[555851,465160],[555998,464915],[555800,464336],[555063,464410],[554920,463618],[553836,463478],[553609,462537],[552698,462288],[552490,461961],[551975,462019],[551166,461254],[550761,460148],[549863,460458],[548770,459769],[546269,459479],[546036,458800],[544964,458198],[544784,459057],[544429,459426],[543901,459483],[543826,459787],[544251,460220],[544214,460504],[543939,460555],[543940,461188],[544183,462229],[544473,462202],[544576,462705],[544118,462846],[544918,463055],[544717,463426],[544873,463600],[545156,463064],[545993,463446],[545641,464124],[545609,465108],[545306,465052],[545106,465223],[545332,465347],[545047,465334],[545448,465791],[544226,465776],[543465,466551],[543388,466345],[542980,466405],[543126,466595],[542646,467342],[542227,467737],[541859,467722],[541932,468199],[541332,468458],[539967,469715],[540026,469970],[539454,469946],[539397,469698],[538579,469499],[538315,469719],[538235,470109],[538652,470343],[538184,470747],[538280,471493],[539104,471051],[539433,471199],[538704,471910],[538248,471692],[538088,471207],[537595,470861],[537204,470755],[536921,471077],[536309,470095],[535704,470854],[535679,471070],[535965,470953],[536189,471296],[536070,471634],[535578,472239],[535337,472075],[535562,472559],[534563,473426],[534444,473193],[534649,472918],[533887,472288],[533610,472480],[533200,472382],[533293,472740],[532923,472974],[531789,472739],[531667,472329],[530873,472508],[529845,472385],[529762,472877],[528404,471679],[527737,471582],[527306,471139],[526859,471234],[526523,470526],[525668,470498],[524765,469786],[524434,469772],[524044,470146],[523888,469797],[523239,469836],[522694,469225],[522422,469346],[522564,469657],[522269,469706],[522464,469850],[522171,470838],[522170,470840]]]]}},{"type":"Feature","id":"316","properties":{"id":"316","name":"Mistelbach"},"geometry":{"type":"MultiPolygon","coordinates":[[[[627536,519403],[626592,519930],[625525,519982],[625300,520317],[623796,521090],[623869,521509],[625498,522940],[625524,523627],[625898,523935],[624798,523789],[624372,524404],[623904,524477],[623670,525617],[623066,526426],[622673,526378],[622408,526619],[621752,526331],[622118,524480],[622114,524109],[621846,524006],[621475,524687],[620269,525270],[620069,525789],[619774,525453],[620055,525280],[619571,522929],[619059,522598],[618138,522739],[617968,525404],[618394,525881],[618939,525904],[619057,527278],[618762,527482],[618395,527146],[616443,526702],[615623,528329],[615336,530110],[615645,530203],[615109,530939],[615790,531231],[615431,532460],[613671,532703],[613618,532148],[611328,531615],[611180,534314],[611485,534554],[612155,536354],[612172,537140],[611719,537149],[611728,537624],[612249,537645],[612861,538047],[612472,538420],[612971,539323],[612954,539940],[612523,540086],[612674,540776],[612006,541361],[612511,541209],[612567,541857],[614421,541873],[615486,541622],[615855,542117],[616702,542149],[617951,541788],[618359,542013],[619022,541380],[620423,541169],[620884,541304],[621311,542803],[621533,542293],[621835,542438],[622361,542051],[621997,541496],[622626,541218],[622633,540901],[623913,541274],[623971,540998],[624393,541268],[624323,541540],[624722,541818],[624715,542205],[625200,541924],[625575,542463],[626280,542738],[626472,543929],[626868,544530],[627996,545292],[628271,546270],[627997,546690],[628832,548123],[628852,549082],[629797,549705],[629669,550189],[629963,550296],[631016,549467],[633787,549646],[633991,549164],[634443,549459],[635067,550623],[635540,551013],[637428,548785],[638724,548657],[639549,548126],[639564,547662],[642084,547480],[642504,548098],[643080,548168],[644723,547696],[644768,547088],[645569,546677],[645810,546138],[646126,544311],[645635,543238],[646361,541843],[647681,542874],[647922,542720],[648079,543016],[649410,543115],[649775,542852],[649749,542589],[650276,542466],[650334,542179],[651095,542531],[651599,541275],[652002,541087],[651907,540880],[652367,541098],[653289,540382],[653453,540634],[653541,540430],[654314,540640],[654950,540329],[655123,539791],[655528,540164],[655462,540506],[656274,540327],[657070,540454],[657564,541084],[658122,540549],[660170,540751],[660834,541952],[661388,541225],[662222,541229],[662507,541480],[662847,541154],[662599,540824],[663368,540150],[663879,538794],[663368,536834],[664343,536200],[664412,534923],[664147,534135],[664282,533448],[664865,532741],[664709,533047],[664496,532764],[664385,533173],[663873,533394],[663720,533101],[663080,532920],[663357,532513],[663344,531203],[662154,531283],[659814,532037],[658941,530828],[659881,530101],[659446,530011],[659460,529611],[659849,529408],[658969,528997],[657360,529842],[656674,529871],[656617,529648],[655642,530180],[655720,530899],[655214,531182],[654406,531212],[653903,531887],[652573,530762],[650472,530742],[650363,530332],[650532,530160],[650339,530118],[650223,529383],[650891,528891],[650085,528443],[648630,529494],[648897,530094],[646467,531038],[646915,530321],[647597,529848],[648357,527987],[648609,526338],[647723,525796],[647832,525594],[646918,524594],[647161,524307],[647196,523547],[646969,523345],[647454,522817],[648709,519956],[647740,520070],[646026,518957],[645320,517397],[644447,517403],[643991,516659],[643721,515221],[645064,514824],[645670,514293],[644262,512510],[643457,513116],[642413,513494],[641998,512414],[641034,513080],[640421,512828],[639491,513037],[639440,512820],[638324,512547],[638215,512179],[637720,512365],[637530,512225],[637429,511809],[637919,511547],[638544,509749],[638469,508389],[639250,507902],[640059,508171],[640341,507354],[640040,506853],[639522,506841],[640457,505627],[640708,504695],[641637,504129],[641739,502864],[642910,502727],[642857,502490],[644144,501261],[644023,500595],[645151,500321],[644721,499208],[646627,498487],[645834,497301],[643478,495868],[643140,496438],[642441,495676],[640316,496783],[638364,497462],[638110,496704],[636444,497025],[633312,499497],[633223,499072],[633029,499148],[632649,498712],[631959,499036],[631965,499267],[631695,499154],[631532,499590],[631174,499709],[630946,499431],[630420,499719],[630432,500852],[630122,500887],[630227,501172],[629777,501617],[628784,501898],[628600,502192],[628726,502493],[628325,502318],[629035,505344],[628516,505623],[629081,505799],[629384,505688],[629079,505428],[629618,505431],[629811,505718],[630241,507391],[629283,507937],[629361,508314],[630246,508444],[629660,508904],[629600,509357],[629261,509153],[628835,509294],[628437,508755],[627641,508774],[627386,510072],[627737,510719],[628281,510867],[628658,512299],[629498,512387],[628987,512829],[629226,512727],[629301,514424],[628894,515209],[629255,515649],[629082,515715],[629177,516177],[628594,516177],[628571,516844],[628807,516840],[628795,517186],[627544,516963],[627297,516604],[626277,517160],[626611,517763],[626566,518418],[627144,518416],[627184,518588],[626865,518650],[626893,519218],[627165,519446],[627540,519384],[627536,519403]]]]}},{"type":"Feature","id":"317","properties":{"id":"317","name":"Mödling"},"geometry":{"type":"MultiPolygon","coordinates":[[[[619454,463539],[618868,463846],[618645,463565],[617471,464118],[617139,463617],[616682,463814],[616295,463679],[615795,462468],[614207,463800],[613066,463845],[612191,464379],[610754,464800],[610404,465933],[610717,466621],[609712,467103],[608883,468101],[608592,468020],[608261,467471],[608359,467862],[607983,467510],[607184,467647],[606584,466156],[605780,466690],[605947,467096],[605795,467454],[604937,467272],[604525,469079],[604024,468784],[603127,469206],[602164,468301],[601680,470055],[602349,471058],[601887,471179],[601467,471673],[601452,472799],[602696,473532],[602804,473883],[603818,473990],[604390,473686],[604559,474560],[605310,475121],[606242,474224],[606410,474308],[606423,473970],[606869,473950],[607586,474651],[607890,475569],[609069,476208],[609690,477073],[609940,477510],[609770,478217],[611826,478518],[612917,477771],[613108,476686],[613492,476853],[614969,476649],[614290,476411],[613999,475995],[614765,475137],[614862,474684],[616167,474911],[616009,474647],[616202,474344],[614693,473845],[614446,473593],[614771,473369],[616020,474110],[616838,474299],[617608,474129],[618613,474635],[619576,474261],[620618,474226],[620688,473765],[621698,473150],[621830,473839],[622174,473737],[622572,475224],[625092,474389],[627365,474029],[626981,472511],[627187,472452],[627097,472191],[626861,472281],[626511,471106],[628446,470641],[629535,470104],[628437,469025],[628780,468414],[628436,468262],[628868,467204],[628753,466061],[629821,465684],[629766,464499],[629484,464365],[629810,464159],[629648,463949],[629869,462783],[629343,460822],[628152,460473],[626902,460935],[625584,462087],[625099,462065],[625395,462538],[622979,463554],[622208,464241],[621562,464356],[621365,464726],[620866,464079],[620995,463660],[620108,463048],[619463,463535],[619454,463539]]]]}},{"type":"Feature","id":"318","properties":{"id":"318","name":"Neunkirchen"},"geometry":{"type":"MultiPolygon","coordinates":[[[[600809,405256],[598835,405676],[597506,405283],[595970,406260],[594269,406657],[593344,408396],[593468,410166],[592170,411123],[591124,411325],[590734,411104],[590402,410468],[589245,410492],[588851,412694],[589169,413186],[589075,413865],[589634,414460],[590091,415793],[589646,416558],[588748,416119],[588026,416529],[587566,417824],[586959,418377],[585719,418020],[584522,418514],[583980,418407],[583832,418796],[583072,418488],[582512,417892],[581236,417510],[580906,417665],[581115,418529],[580378,419017],[579670,419096],[579879,421071],[578990,423297],[579065,424063],[578696,424637],[578999,425684],[578887,426300],[577338,426425],[576947,425548],[576013,424824],[575340,426028],[573930,426836],[572752,426553],[572093,428133],[571408,428955],[571431,429397],[571121,429995],[570919,429993],[570637,430887],[570581,431398],[570988,431511],[571230,432355],[571352,433540],[570539,434014],[569796,435839],[570909,436292],[571117,437285],[572044,437679],[572108,438819],[571433,439591],[571358,440110],[570819,440457],[571138,441184],[571714,441390],[571777,442016],[573195,442222],[573487,442532],[575123,443041],[575392,443486],[576698,442817],[576785,442534],[578229,443206],[580055,443076],[580545,441666],[581109,440843],[581092,439810],[582067,440347],[582848,440456],[583145,440946],[583639,440334],[584649,439906],[584770,438863],[584399,438418],[584913,437589],[584858,436910],[584473,436103],[584575,435147],[584077,434567],[585482,434659],[586191,436248],[588640,436866],[588447,437346],[588133,437492],[588210,437740],[589557,438800],[591033,438864],[592618,439595],[593209,438857],[593103,438284],[593552,437729],[594067,438258],[594635,437946],[594731,438331],[595163,438404],[595340,438776],[596573,439305],[597011,439736],[597093,438723],[597692,438214],[597374,437546],[597768,437573],[599471,438636],[600746,438206],[601437,438228],[601915,438596],[601914,438887],[602463,438752],[602592,438339],[603397,437865],[603728,437316],[604639,437576],[605845,437416],[606450,436720],[607115,437004],[607392,436866],[608542,437577],[609384,437703],[609607,437464],[609341,437191],[610965,435847],[611826,435680],[613178,434410],[610868,432232],[612025,430880],[613017,431440],[613908,432761],[613858,432426],[614245,431907],[614623,431791],[615366,430063],[613979,429374],[613784,429522],[613448,428656],[612292,428821],[611769,428530],[612440,428029],[613157,428550],[613632,428567],[613950,428932],[614317,428615],[615029,428748],[615151,428443],[615664,428355],[615535,427959],[615978,427652],[615614,427289],[615964,427098],[616381,427250],[616535,426794],[615311,423662],[615858,422384],[615585,422032],[615700,420799],[615395,420323],[615559,419196],[614655,417478],[614087,417194],[613512,415742],[614033,414443],[614908,413880],[614809,413396],[615168,413061],[614544,410456],[616522,408281],[615641,407828],[614885,408111],[614714,409010],[614075,408539],[614340,409309],[614023,409587],[613725,408884],[614125,407767],[613986,407479],[613480,407847],[613172,408991],[613368,410034],[612751,410243],[612411,410045],[611367,410166],[611525,409247],[612100,408564],[612374,407268],[612916,406496],[612791,406106],[612529,406301],[612529,405270],[613107,404686],[612903,404419],[613316,404221],[612873,403633],[613654,403010],[613174,402760],[613490,401940],[613020,401461],[613006,400240],[611405,399579],[610998,400461],[610530,400315],[610194,400604],[610254,400944],[609634,400949],[610006,401360],[609852,401920],[610034,402466],[609644,402613],[609362,403550],[609743,403993],[609962,405045],[609298,404630],[609157,404928],[609542,405501],[609204,405619],[609006,406561],[608376,406285],[608130,406428],[607866,405699],[607910,404996],[607582,404549],[606967,404374],[606803,403623],[606476,404028],[605764,403878],[605823,402163],[605266,401935],[604398,402665],[603964,403692],[603321,404053],[602797,404973],[602007,405429],[600810,405256],[600809,405256]]]]}},{"type":"Feature","id":"319","properties":{"id":"319","name":"St. Pölten(Land)"},"geometry":{"type":"MultiPolygon","coordinates":[[[[557087,452529],[557253,452177],[556706,452039],[556442,451115],[556646,450343],[555839,449760],[555675,448908],[554944,448510],[554072,448406],[553760,447813],[554262,447241],[554236,446778],[553738,446487],[552411,446384],[551514,445489],[550623,445243],[549758,445331],[549055,446223],[549010,446514],[549464,446673],[549779,447281],[549162,447660],[549370,448230],[549212,449029],[548616,450380],[547276,450878],[546576,450408],[546333,451120],[545617,451919],[544896,452276],[544955,452803],[545674,452804],[545499,453122],[545706,453647],[545435,454201],[544891,454436],[544853,455919],[544042,457157],[544746,458124],[546036,458800],[546269,459479],[548770,459769],[549863,460458],[550837,460200],[551166,461254],[551975,462019],[552490,461961],[552698,462288],[553609,462537],[553836,463478],[554920,463618],[555063,464410],[555800,464336],[555998,464915],[555851,465160],[556260,465303],[556312,465955],[557108,466377],[556682,467861],[557382,468116],[556793,468947],[559210,469585],[559185,469853],[559662,470234],[560631,470334],[560581,470804],[561648,470916],[561529,472046],[562519,472272],[562508,472479],[561910,472422],[561852,472708],[562011,472951],[562598,472977],[562555,473379],[561982,473237],[561791,473700],[561719,473189],[560782,473473],[560611,473260],[560523,473495],[559992,473537],[559769,473709],[559969,473918],[559662,473983],[559334,473949],[559476,473498],[559230,473201],[558673,473149],[558132,473369],[558258,473591],[557830,473626],[558257,474119],[558977,474331],[559113,474834],[558196,475018],[558119,475533],[557713,475426],[556936,476121],[557047,477645],[556674,477586],[556616,479597],[555261,481148],[555886,481484],[556404,482831],[557636,483599],[557381,483746],[557424,484103],[558067,485063],[557704,485610],[557270,485637],[557307,486011],[558138,486559],[558410,486368],[559201,486707],[559642,486648],[559390,487446],[560773,487509],[561035,488187],[560450,488547],[560283,489165],[560855,489386],[560907,490036],[562012,489784],[562296,489488],[562468,489700],[562605,490237],[562423,490643],[562710,490510],[562472,491942],[563080,492192],[562141,492599],[561860,492353],[561466,492402],[561579,493062],[561344,493127],[561274,493511],[561466,493425],[561469,493694],[561175,494341],[562933,494345],[563605,495089],[564272,495232],[564275,495479],[565982,495541],[566492,496141],[566963,495792],[567187,495925],[567196,495227],[569140,495083],[569305,494472],[570356,494402],[570392,494844],[570827,495033],[570900,495374],[572051,495695],[572089,496075],[573153,496571],[572900,498024],[573170,498686],[572881,499185],[573891,499448],[574850,499224],[574994,499566],[575469,499458],[575929,499803],[576930,499832],[577439,500133],[577184,500467],[577613,501075],[578884,501000],[578851,501294],[579302,501560],[580131,501296],[580868,500595],[580680,500405],[581465,499279],[582273,499529],[582211,499241],[582682,499011],[582672,498077],[583356,498065],[583303,498483],[583782,498418],[583597,498833],[583877,498835],[583843,499124],[584573,499125],[585364,499787],[585840,499603],[585706,498666],[585299,498720],[585293,498210],[584941,498069],[584330,498407],[583809,498394],[583295,497348],[584600,497218],[584651,495887],[583873,495385],[582610,495312],[581950,495857],[581584,495858],[580499,494590],[580415,493857],[580635,493476],[579990,493325],[581073,493187],[581713,493436],[581723,493088],[582732,493267],[582665,492891],[582173,492826],[582239,492212],[582541,491896],[584173,492057],[584428,492571],[584817,492295],[584859,491781],[584255,490608],[583689,491008],[583309,490393],[583779,490282],[584428,490733],[584488,490441],[584974,490483],[585321,490748],[586095,490189],[586441,489458],[585839,489144],[585981,488859],[585552,488549],[585742,488102],[585509,487649],[584994,487549],[584900,486945],[584573,486866],[584597,486396],[585255,486540],[585350,486296],[586250,486583],[586214,486335],[586754,485698],[586328,485401],[586274,485154],[586629,484963],[586340,484249],[586729,484465],[586889,484228],[587938,484220],[588500,484639],[589564,484487],[589530,485665],[590032,485886],[590173,486569],[589747,486706],[589536,487441],[589753,487707],[591477,488229],[591571,487728],[591964,487978],[592654,487835],[592813,487492],[593394,487237],[593906,488044],[594338,488171],[595188,487140],[594617,487175],[594744,486907],[595302,486581],[594140,485467],[596011,485496],[596128,485051],[596409,485131],[596669,484849],[596296,484740],[596309,483821],[597198,483745],[597366,482984],[598221,482179],[598667,481009],[599163,480732],[599902,481288],[600710,481502],[600673,482160],[601514,482198],[601075,482825],[599183,483047],[598981,483839],[599635,483989],[600479,483396],[601149,483441],[601088,484044],[601481,484139],[601577,484615],[602063,484953],[602204,485414],[602700,485182],[603314,485568],[602758,485819],[602741,486046],[602857,485880],[602976,486078],[602712,486355],[602857,486771],[603106,486554],[603240,486733],[603706,486131],[604307,486318],[604416,486890],[603871,487466],[604322,487686],[605016,487061],[604789,486239],[607015,486255],[606688,486903],[606249,486990],[606175,487290],[606762,487916],[606774,488233],[607883,487941],[608432,488065],[608276,488221],[608563,488463],[608441,488935],[607882,489260],[607972,489704],[608461,489534],[608198,489883],[608345,490109],[608820,489814],[608958,489144],[610020,488903],[609912,489382],[610197,489994],[609706,490559],[610421,490599],[611040,491023],[611086,490259],[613388,488929],[613180,488695],[613242,488051],[612574,487321],[612396,486581],[612390,485626],[612892,485213],[612868,484959],[612687,485096],[611856,484324],[612793,484322],[612604,483945],[612829,483366],[613727,482882],[613176,482324],[613591,482066],[613095,480249],[611735,478432],[609770,478217],[609940,477510],[609690,477073],[609069,476208],[607890,475569],[607586,474651],[606869,473950],[606423,473970],[606410,474308],[606242,474224],[605357,475123],[604559,474560],[604390,473686],[603818,473990],[602404,473794],[602038,474065],[602095,474509],[601204,474335],[600781,474823],[599677,474343],[598660,474443],[598082,475215],[595676,473164],[595554,472762],[594959,472403],[594921,472085],[593710,471708],[593280,470789],[592865,470596],[592050,470690],[592000,470137],[592609,469586],[592672,468899],[591486,468169],[591300,467823],[589401,467168],[588677,466299],[587211,465552],[586568,466187],[585919,466274],[585396,466687],[585459,467173],[585211,467483],[581594,466387],[581058,467314],[580017,467400],[578674,466984],[578047,467534],[576750,467873],[576327,467778],[576349,468328],[575914,467962],[575138,468195],[573485,467984],[573278,467535],[571769,467170],[571520,466460],[570794,466650],[571118,465890],[570555,465679],[569013,465606],[568903,466033],[568219,466304],[567517,465571],[566663,465945],[565295,465800],[565578,465172],[564724,465137],[564343,464634],[563515,464206],[563576,463812],[563279,463523],[563750,462794],[563205,462544],[563026,462096],[563072,460861],[563899,459937],[564148,458858],[562505,458137],[561538,457404],[561618,455700],[561175,455131],[561105,454578],[560144,454227],[559207,453338],[557745,453371],[556798,453043],[557002,452543],[557087,452529]],[[578371,488003],[576940,487547],[576561,488103],[576451,487946],[576249,488143],[575913,487915],[575988,487622],[575435,487378],[573484,487392],[573621,487032],[573239,486869],[573353,486581],[573159,486556],[573178,486297],[573490,486224],[572995,486121],[573182,485838],[572997,485181],[572129,485403],[572183,485584],[571135,485728],[570370,484689],[569265,484325],[569382,483941],[568556,483968],[567819,483564],[567858,483378],[567325,483889],[567381,483436],[566951,483364],[567121,482956],[566860,482838],[567161,482307],[566804,482071],[566615,481487],[566714,481214],[567107,481429],[566660,480951],[566816,480111],[566459,480057],[566623,479188],[565679,478804],[565664,478265],[565274,478235],[565302,477381],[565782,476857],[565544,476479],[565986,476093],[566394,476223],[566348,476671],[567869,476516],[568125,474664],[567679,474576],[567712,474238],[567413,474340],[567347,474037],[567061,474054],[567145,472717],[567536,472638],[568014,472051],[568799,472033],[569311,471467],[569321,471762],[569695,471921],[570059,471863],[570015,471712],[570560,471832],[571655,471351],[571860,471769],[572416,471821],[572690,472288],[572318,472661],[572799,473009],[572625,473509],[572759,474093],[572208,474284],[572755,475019],[571738,475813],[571677,476705],[571928,476913],[571953,477719],[573419,478312],[573271,478620],[573436,479318],[573224,479357],[573671,480268],[574233,480433],[575375,480149],[575510,481082],[576067,481440],[576732,481431],[576727,481630],[577630,481812],[577631,482226],[578041,482575],[577484,482547],[578210,482786],[578303,483731],[578546,483955],[577699,486098],[577909,486426],[577774,486624],[578263,486823],[578131,487334],[578612,487539],[578375,488009],[578371,488003]]]]}},{"type":"Feature","id":"320","properties":{"id":"320","name":"Scheibbs"},"geometry":{"type":"MultiPolygon","coordinates":[[[[519343,438333],[519541,438658],[520175,438658],[520343,438978],[520928,439111],[520894,439745],[520389,440015],[520230,440513],[519801,440471],[519925,440891],[519643,441683],[520257,442228],[520775,443395],[521653,443907],[522165,444594],[522160,446001],[523965,446873],[524814,446719],[524769,446925],[525330,447481],[525046,447500],[525005,447920],[524375,448377],[524158,449367],[523748,449145],[523118,449295],[522849,448840],[522467,449245],[522059,449280],[521907,449021],[521378,449131],[520994,448420],[520707,448836],[520468,448769],[520305,449581],[520481,450691],[520740,450833],[520618,451095],[520992,451462],[521289,452336],[520578,452282],[520268,452532],[520931,452953],[520718,453098],[520994,453839],[520471,453947],[519524,453662],[518559,453896],[518873,454928],[519328,454807],[519417,455048],[518271,455839],[517996,455710],[518253,455131],[516902,455324],[517191,455603],[517106,455848],[516328,455956],[515923,456537],[515517,456485],[517189,457390],[517002,457527],[517043,458045],[515980,458355],[515773,458277],[516294,457892],[516224,457632],[516014,457569],[515788,457881],[515212,457824],[514857,458003],[514705,458514],[514997,458665],[513894,459375],[514627,459510],[515611,459295],[515688,459894],[516130,459620],[516102,459025],[516672,458909],[517099,459283],[516871,460408],[517776,460120],[517703,460533],[518403,460463],[518321,460738],[518692,461038],[519141,460769],[519578,460995],[519749,461383],[520882,461203],[520606,461714],[520844,461453],[521154,461803],[521249,461518],[521582,461743],[522329,461570],[522145,462642],[521715,463088],[521704,464372],[522505,464576],[523041,465028],[523807,464857],[523736,465111],[524159,465128],[524314,464905],[524947,466615],[524552,467468],[525299,467594],[524695,468022],[525102,468365],[524933,468499],[525204,469272],[524984,469534],[525270,469650],[525253,470000],[525668,470498],[526523,470526],[526859,471234],[527306,471139],[527737,471582],[528404,471679],[529762,472877],[529845,472385],[530873,472508],[531667,472329],[531789,472739],[532923,472974],[533293,472740],[533200,472382],[533610,472480],[533887,472288],[534649,472918],[534444,473193],[534563,473426],[535562,472559],[535337,472075],[535578,472239],[536070,471634],[536189,471296],[535965,470953],[535679,471070],[535704,470854],[536309,470095],[536921,471077],[537204,470755],[537595,470861],[538088,471207],[538248,471692],[538734,471894],[539433,471199],[539104,471051],[538280,471493],[538184,470747],[538652,470343],[538235,470109],[538315,469719],[538579,469499],[539397,469698],[539454,469946],[540026,469970],[539967,469715],[541332,468458],[541932,468199],[541859,467722],[542227,467737],[542646,467342],[543126,466595],[542980,466405],[543388,466345],[543465,466551],[544226,465776],[545448,465791],[545047,465334],[545332,465347],[545106,465223],[545306,465052],[545609,465108],[545641,464124],[545993,463446],[545156,463064],[544873,463600],[544717,463426],[544918,463055],[544118,462846],[544576,462705],[544473,462202],[544183,462229],[543940,461188],[543939,460555],[544214,460504],[544251,460220],[543826,459787],[543901,459483],[544429,459426],[544784,459057],[544964,458198],[544042,457157],[544853,455919],[544891,454436],[545435,454201],[545707,453641],[545499,453122],[545674,452804],[544955,452803],[544896,452276],[545617,451919],[546333,451120],[546576,450408],[547276,450878],[548616,450380],[549212,449029],[549370,448230],[549162,447660],[549779,447281],[549464,446673],[549010,446514],[549055,446223],[549758,445331],[549370,445252],[548894,444734],[548064,445082],[546244,443933],[545230,444083],[544825,443881],[544277,444220],[544004,443006],[543773,442879],[543149,442798],[542598,443234],[541441,443002],[540754,442203],[539872,441959],[537723,440681],[536772,440487],[537066,439605],[538214,438644],[538025,438346],[538268,437939],[539805,437849],[540334,437157],[542006,436612],[541030,435802],[540989,434054],[540566,433887],[540385,432614],[539967,432305],[540085,431802],[540677,431640],[540509,431440],[540715,431143],[540008,429941],[538701,430237],[537603,429878],[536873,430383],[535815,430238],[535399,430683],[534724,429729],[534899,429324],[534744,429084],[531691,428379],[530925,428515],[529384,428202],[527577,429540],[527169,429518],[526592,428981],[524794,428223],[523987,428060],[522961,428425],[522586,427712],[521423,427199],[519913,425439],[519657,424692],[518707,424687],[518542,424486],[515811,425214],[515783,426327],[515387,427065],[514550,428006],[514365,427905],[513539,428695],[513939,429520],[515540,430867],[513990,431501],[513202,433394],[514001,433919],[514960,434091],[515675,434687],[516825,434883],[516778,435338],[516246,435423],[516337,435790],[517636,436270],[517548,436689],[517892,436836],[517814,437864],[518752,438155],[518890,438419],[519341,438337],[519343,438333]]]]}},{"type":"Feature","id":"321","properties":{"id":"321","name":"Tulln"},"geometry":{"type":"MultiPolygon","coordinates":[[[[585955,486537],[585350,486296],[585255,486540],[584597,486396],[584504,486573],[584573,486866],[584900,486945],[584994,487549],[585509,487649],[585742,488102],[585552,488549],[585981,488859],[585839,489144],[586441,489458],[586155,490115],[585321,490748],[584488,490441],[584428,490733],[583726,490271],[583286,490474],[583689,491008],[584255,490608],[584859,491781],[584817,492295],[584428,492571],[584173,492057],[582541,491896],[582239,492212],[582173,492826],[582665,492891],[582732,493267],[581723,493088],[581713,493436],[581073,493187],[579990,493322],[580635,493476],[580415,493857],[580499,494590],[581584,495858],[581950,495857],[582610,495312],[583873,495385],[584651,495887],[584600,497218],[583295,497348],[583464,497918],[583809,498394],[585245,498143],[585226,498638],[585495,498819],[585706,498666],[585840,499603],[585319,499798],[584573,499125],[583843,499124],[583877,498835],[583597,498833],[583782,498418],[583303,498483],[583356,498065],[582672,498077],[582682,499011],[582211,499241],[582273,499529],[581465,499279],[580680,500405],[580868,500595],[580131,501296],[579374,501572],[578851,501294],[578884,501000],[577613,501075],[577489,501469],[577225,501385],[577170,501033],[576684,501397],[576817,501763],[576188,502009],[577165,501994],[577511,502677],[577918,502383],[578647,502617],[578818,503158],[578690,503797],[579417,504288],[579563,504977],[579860,505242],[579868,507022],[579319,507201],[579678,507686],[580020,507492],[580426,509717],[580774,509982],[580791,510856],[581319,511291],[580947,512143],[581125,512511],[581688,512794],[582585,512427],[582696,513370],[583242,513817],[584339,513212],[585317,513083],[585467,513001],[585282,512823],[586285,512238],[586445,512893],[586162,512945],[586523,513674],[587526,513444],[588294,513805],[589749,513826],[590133,513712],[590201,512558],[590507,511939],[591193,512305],[591942,512052],[592309,512839],[592635,512692],[594067,513451],[594950,513104],[595415,513394],[596087,514641],[596915,513967],[598223,514312],[598862,514116],[599368,512255],[599053,511274],[598057,509841],[598590,509647],[598485,508201],[598764,507091],[598173,507104],[598055,506764],[597799,506714],[597934,506387],[596916,506246],[596598,504695],[596677,504443],[597294,504442],[597289,503488],[597037,502603],[597132,501261],[596612,501242],[596614,500883],[597180,500488],[598013,500488],[598000,500985],[599092,501271],[599907,500690],[600386,501048],[600642,500305],[601558,500270],[601470,500524],[602113,500492],[601644,499913],[603011,498987],[602753,498685],[603097,498340],[603300,498373],[603092,498708],[603282,499049],[602940,499066],[602919,499338],[603617,499287],[603861,499887],[603979,499298],[604377,499219],[605826,497322],[605759,497523],[606187,497763],[606604,497588],[606920,497850],[607282,497502],[607710,497652],[606992,498269],[607399,498776],[608037,499217],[608598,499100],[608430,498655],[610022,499214],[609830,499820],[610419,500222],[611002,499749],[611554,500302],[612377,499522],[613173,499510],[613952,498798],[614512,499420],[614015,500152],[615150,499270],[617026,499090],[617855,499710],[619373,498989],[619170,498608],[621845,497035],[622343,496219],[623138,495539],[623426,495061],[623479,493466],[624815,491388],[624091,491514],[623663,492253],[623156,492065],[623465,491699],[622526,491144],[622299,490723],[621683,490810],[620609,490051],[620193,490209],[619531,489968],[619146,489515],[619766,489216],[619629,488955],[619083,488453],[617579,488065],[618064,487751],[617595,487168],[617220,487066],[617090,486373],[615978,486157],[615645,486641],[615899,487273],[613485,488925],[613020,488991],[612885,489324],[611961,489608],[611840,489948],[611086,490259],[611040,491023],[610421,490599],[609706,490559],[610197,489994],[609912,489382],[610020,488903],[608958,489144],[608820,489814],[608345,490109],[608198,489883],[608461,489534],[607972,489704],[607882,489260],[608441,488935],[608563,488463],[608276,488221],[608432,488065],[607883,487941],[606774,488233],[606762,487916],[606175,487290],[606249,486990],[606688,486903],[607015,486255],[604789,486239],[605016,487061],[604322,487686],[603871,487466],[604416,486890],[604307,486318],[603706,486131],[603240,486733],[603106,486554],[602857,486771],[602712,486355],[602976,486078],[602857,485880],[602741,486046],[602758,485819],[603314,485568],[602700,485182],[602204,485414],[602063,484953],[601577,484615],[601481,484139],[601088,484044],[601149,483441],[600479,483396],[599635,483989],[598981,483839],[599183,483047],[601075,482825],[601514,482198],[600673,482160],[600710,481502],[599902,481288],[599170,480732],[598667,481009],[598221,482179],[597366,482984],[597198,483745],[596309,483821],[596296,484740],[596669,484849],[596409,485131],[596128,485051],[596011,485496],[594140,485467],[595302,486581],[594744,486907],[594617,487175],[595188,487140],[594338,488171],[593906,488044],[593394,487237],[592813,487492],[592654,487835],[591964,487978],[591571,487728],[591477,488229],[589753,487707],[589536,487441],[589747,486706],[590173,486569],[590032,485886],[589530,485665],[589564,484487],[588500,484639],[587938,484220],[586889,484228],[586729,484465],[586340,484249],[586629,484963],[586274,485154],[586328,485401],[586748,485744],[586384,486047],[586250,486583],[586007,486557],[585955,486537]],[[596123,506486],[596939,506371],[597032,507253],[596321,507308],[596122,506486],[596123,506486]]]]}},{"type":"Feature","id":"322","properties":{"id":"322","name":"Waidhofen an der Thaya"},"geometry":{"type":"MultiPolygon","coordinates":[[[[535238,535318],[534840,535083],[533637,535586],[533881,536648],[533481,537067],[534116,537104],[534255,537467],[533981,537802],[533183,537839],[533476,538260],[533184,538577],[533252,540387],[532513,540447],[532141,541032],[531184,541577],[531363,542149],[532379,543011],[531830,543956],[532132,544727],[531923,545286],[532638,545561],[533293,546161],[533805,545737],[534069,547284],[534937,547541],[534560,548648],[533751,549024],[533957,549279],[533939,550031],[533453,550474],[533068,550420],[533184,550776],[533553,550875],[533466,551124],[533181,551066],[533615,551724],[533471,552293],[533803,552479],[534688,552363],[534972,552592],[534992,553217],[534245,554122],[534197,554593],[535059,555338],[535487,555011],[536062,555024],[536017,555730],[535478,555911],[535742,556176],[535419,556358],[535767,556695],[535379,556907],[535773,557292],[535431,557532],[535474,559417],[535889,559837],[534537,560933],[534247,561740],[533807,561826],[534276,562160],[534605,562063],[535093,562593],[536077,562126],[537450,563743],[538533,564060],[539570,563796],[540142,564029],[541272,563405],[541284,563844],[541805,563933],[541608,564858],[541988,564840],[542651,566316],[542219,567009],[542342,567988],[543226,567784],[543520,567402],[543339,566868],[544431,566184],[544891,566511],[545609,566015],[546353,567001],[548903,566740],[550545,565744],[550844,564981],[551623,564760],[552330,563989],[553222,563486],[555113,563336],[555521,562845],[556423,563597],[557071,562800],[558926,561903],[559274,560090],[559731,559568],[563207,558518],[564610,557605],[565286,557636],[565361,557382],[564906,557374],[564892,556871],[565154,556836],[565035,556491],[565254,556242],[565821,555910],[567007,555721],[567006,555357],[566071,555600],[566079,555408],[565841,555410],[565759,555638],[565566,555115],[564962,555396],[564714,554652],[565240,553887],[565545,553833],[565577,553014],[566095,553390],[566325,553258],[566998,551798],[566195,551332],[564654,551239],[564456,550406],[563971,550293],[563543,549838],[563261,549813],[562962,550176],[563040,549814],[562770,549531],[561635,549827],[561767,549077],[561029,549334],[560211,548710],[561117,547759],[560934,547011],[560217,546190],[560793,545648],[560824,545292],[559311,543990],[560812,543355],[561298,542924],[561260,542519],[560560,542227],[559453,542806],[559253,542607],[559542,541690],[558890,541597],[558909,541150],[558655,541152],[559006,540679],[558957,539841],[558125,539602],[557902,538574],[556770,538419],[555795,538779],[555329,537642],[553678,537984],[553713,539013],[554321,538909],[555512,539511],[555273,540149],[554871,540341],[554059,540269],[553693,540684],[553292,540683],[553019,542146],[554096,541881],[554125,542187],[552644,543357],[552833,543748],[552226,544127],[551012,543753],[550282,542401],[549641,542868],[549104,542721],[548841,543525],[547879,543772],[547509,543674],[547544,543498],[547284,543675],[546662,542787],[546009,541487],[546273,541337],[546127,541022],[545989,541307],[545461,541234],[545262,540710],[544580,540268],[544104,540753],[543618,540881],[543112,542029],[542756,542193],[541852,541214],[542201,541034],[542102,540600],[540136,540849],[539725,540030],[538763,539807],[538880,539178],[538538,538996],[538092,539156],[537928,538558],[537404,538601],[537102,538284],[536679,538289],[534795,539531],[534773,538207],[534420,537797],[534826,537455],[534641,537100],[535630,536171],[535399,535932],[535496,535443],[535236,535323],[535238,535318]]]]}},{"type":"Feature","id":"323","properties":{"id":"323","name":"Wiener Neustadt(Land)"},"geometry":{"type":"MultiPolygon","coordinates":[[[[613989,438053],[613863,434963],[613585,434073],[611826,435680],[610965,435847],[609341,437191],[609607,437464],[609384,437703],[608542,437577],[607392,436866],[607115,437004],[606450,436720],[605845,437416],[604639,437576],[603728,437316],[603397,437865],[602592,438339],[602463,438752],[601914,438887],[601915,438596],[601437,438228],[600746,438206],[599471,438636],[597466,437516],[597692,438214],[597093,438723],[597011,439736],[596573,439305],[595340,438776],[595163,438404],[594731,438331],[594635,437946],[594067,438258],[593552,437729],[593103,438284],[593209,438857],[592618,439595],[591033,438864],[590704,438980],[589178,438635],[588140,437525],[588640,436866],[586191,436248],[585482,434659],[584077,434567],[584575,435147],[584473,436103],[584858,436910],[584913,437589],[584399,438418],[584773,438930],[584649,439906],[583639,440334],[583298,440902],[582848,440456],[582067,440347],[581092,439810],[581109,440843],[579921,443136],[578229,443206],[576785,442534],[576698,442817],[575392,443486],[575123,443041],[573487,442532],[573195,442222],[571777,442016],[571283,442469],[571452,443073],[571218,443859],[571406,444298],[572396,444752],[572470,445310],[573364,445413],[573910,446291],[574041,447219],[574382,447434],[575346,447097],[575165,445659],[576061,445757],[576298,446119],[576234,446654],[577922,447999],[577822,448622],[577990,448819],[579749,449437],[579838,449934],[580422,450165],[580856,451013],[581200,451209],[582657,450906],[583680,451486],[585104,451396],[585631,451651],[586240,452392],[588579,452844],[589199,453451],[589256,454168],[589726,454375],[591450,453413],[592608,453558],[593031,453945],[594073,452952],[594431,452910],[594718,453173],[595075,452991],[595512,452455],[595387,451722],[594995,451472],[595304,450775],[596357,451051],[596694,451686],[597556,451476],[597751,451971],[598312,452008],[599044,452608],[598950,452005],[598544,452159],[598690,451535],[598395,450901],[599088,450531],[599425,451233],[600276,451322],[600408,451542],[600953,451113],[600307,450323],[600439,449538],[599878,448346],[600318,447689],[600254,447183],[601375,447211],[602790,447868],[602931,448127],[603459,447854],[606319,448443],[606473,448077],[605750,448108],[605609,447841],[606231,447345],[605821,446497],[607155,446385],[607647,446068],[607870,445459],[608087,445776],[608579,445730],[607503,446321],[607448,446622],[608336,446870],[610517,446508],[611132,447432],[612393,447852],[612842,448723],[613775,449223],[614450,449159],[614555,448708],[615121,448472],[615083,448290],[615702,448287],[615849,449328],[616244,449559],[615851,450041],[616110,450393],[616451,450270],[616403,450745],[616994,450376],[616752,449993],[617513,449832],[618268,450240],[619259,450374],[619633,450029],[620490,450349],[624489,448683],[625243,448142],[625360,448276],[626196,447358],[627574,449304],[628491,448213],[628030,447042],[628469,447489],[628725,447294],[628056,446614],[627995,446223],[626450,445512],[626209,445183],[625470,445314],[628235,443156],[628575,442616],[627422,441294],[627831,440892],[626495,440342],[625826,439743],[625794,438416],[625418,437912],[625176,438090],[624545,437796],[624027,436491],[623650,436119],[623409,435967],[622773,436635],[623001,437319],[622746,438035],[623257,438206],[621021,438891],[620735,439625],[620885,440081],[619633,440793],[619750,441175],[620413,441421],[620726,441944],[620175,443469],[619866,443598],[619805,442496],[616118,442656],[616162,445368],[614819,444821],[614948,444584],[614736,444302],[615066,444260],[615416,443752],[615058,443832],[614798,442844],[614335,443122],[613912,442292],[613728,441133],[614204,440980],[614267,440427],[615410,439904],[614801,439847],[614450,438231],[613989,438056],[613989,438053]]],[[[614007,395418],[613736,395740],[613240,395760],[613160,396065],[611957,396989],[611664,397988],[610979,398673],[611191,399457],[613006,400240],[613020,401461],[613490,401940],[613174,402760],[613654,403010],[612873,403633],[613316,404221],[612903,404419],[613107,404686],[612529,405270],[612529,406301],[612791,406106],[612916,406496],[612374,407268],[612100,408564],[611525,409247],[611367,410166],[612411,410045],[612751,410243],[613368,410034],[613172,408991],[613480,407847],[613986,407479],[614125,407767],[613725,408884],[614023,409587],[614340,409309],[614075,408539],[614714,409010],[614885,408111],[615641,407828],[616522,408281],[614544,410456],[615168,413061],[614809,413396],[614908,413880],[614033,414443],[613512,415742],[614087,417194],[614655,417478],[615559,419196],[615395,420323],[615700,420799],[615585,422032],[615858,422384],[615311,423662],[616541,426724],[616381,427250],[615964,427098],[615614,427289],[615978,427652],[615535,427959],[615664,428355],[615151,428443],[615029,428748],[614317,428615],[613950,428932],[613632,428567],[613157,428550],[612440,428029],[611769,428532],[612292,428821],[613448,428656],[613784,429522],[613979,429374],[615366,430063],[614614,431805],[615365,431636],[616035,431960],[616676,434728],[617913,434553],[618106,436708],[618476,436703],[618386,436839],[620271,436486],[620508,436778],[622513,435953],[621846,434099],[622333,433168],[622347,431948],[621988,431453],[622179,430965],[621811,429690],[621954,428565],[622757,427307],[622963,426231],[623435,425851],[623302,425129],[623960,425006],[625201,424244],[626440,424526],[626937,424417],[626601,423528],[627182,422715],[627494,421545],[628235,420554],[628264,419993],[627950,419595],[628330,418450],[628070,417949],[627120,417885],[626555,417356],[626983,416589],[626352,415857],[625584,415689],[625240,415329],[625362,413556],[624158,411610],[624383,410991],[623959,409428],[624988,408691],[625622,407544],[626174,407313],[626363,406225],[625991,405080],[625402,404452],[625550,404158],[624395,403123],[624696,402802],[624595,402459],[624260,402121],[623311,401861],[623957,401509],[623905,400862],[622860,400288],[622211,399277],[621560,399440],[620383,398788],[619906,398007],[619412,397746],[619330,397168],[618025,396030],[616208,395406],[614024,395404],[614007,395418]]]]}},{"type":"Feature","id":"325","properties":{"id":"325","name":"Zwettl"},"geometry":{"type":"MultiPolygon","coordinates":[[[[520210,500370],[519854,500252],[519426,500625],[518733,500781],[517785,499989],[517247,500091],[517438,500623],[517982,501132],[518394,501127],[519531,502191],[519658,502855],[519133,503030],[519005,503315],[519171,503502],[518862,503898],[518066,503951],[517483,504512],[516832,504634],[516899,505021],[515806,506880],[514078,507441],[513957,507809],[514193,508825],[513377,510092],[514338,510304],[515081,510874],[514890,511517],[515181,511685],[515241,512252],[515926,512599],[517165,512256],[517344,513046],[516692,513221],[516697,513949],[515863,514740],[514397,515353],[511702,515623],[511984,516261],[511181,517158],[510634,517524],[509322,517731],[509055,518461],[509327,519183],[508166,520315],[508309,520727],[508051,520833],[507835,520533],[507121,520961],[507601,521088],[507881,521629],[507804,521923],[507251,522131],[507344,522331],[507574,522592],[508061,522342],[508207,522814],[508615,522818],[509180,523391],[509642,522979],[510463,522743],[510785,524030],[511406,523804],[511523,524251],[512203,523661],[512536,524813],[513044,524977],[513642,525688],[514257,525422],[514535,525708],[514386,526117],[515590,526078],[516313,525267],[517472,525106],[518178,524656],[518272,525309],[519099,526954],[519406,527088],[519597,526713],[520306,526293],[520820,526302],[522010,527470],[522731,526985],[522815,526571],[523163,526481],[523526,528614],[524206,528861],[524174,529030],[523844,529486],[523239,529493],[522677,530034],[522821,530368],[522656,530719],[521991,530919],[521843,531289],[521395,531314],[521432,531592],[521063,531960],[521945,532281],[521929,533157],[521112,534400],[522395,534218],[522168,535224],[522664,534878],[523913,534824],[524101,535040],[524483,534949],[524362,535309],[525038,535160],[525180,535402],[526635,535071],[526968,534449],[527568,534364],[528516,535080],[529580,534222],[530157,534276],[530576,533831],[531081,533741],[530748,535162],[530388,535194],[530494,535342],[530041,535760],[530116,536064],[530640,535902],[530701,536300],[531520,536414],[532100,535949],[531876,535505],[532264,534390],[532993,533706],[533508,534638],[533636,535578],[534840,535083],[535496,535443],[535399,535932],[535630,536171],[534641,537100],[534792,537558],[534434,537694],[534773,538207],[534638,538698],[534901,539015],[534681,539285],[534865,539574],[536543,538339],[537102,538284],[537404,538601],[537975,538579],[538102,539164],[538538,538996],[538880,539178],[538763,539807],[539725,540030],[540136,540849],[542102,540600],[542201,541034],[541852,541214],[542700,542178],[543112,542029],[543618,540881],[544104,540753],[544580,540268],[545262,540710],[545461,541234],[546218,541129],[546069,541675],[547288,543678],[547544,543498],[547509,543674],[548041,543771],[548841,543525],[549104,542721],[549641,542868],[550282,542401],[551012,543753],[552226,544127],[552809,543770],[552644,543357],[554125,542187],[554096,541881],[553019,542146],[553292,540683],[553693,540684],[554059,540269],[554871,540341],[555273,540149],[555512,539511],[554321,538909],[553713,539013],[553678,537984],[554772,537810],[554346,535684],[555132,535371],[555915,534544],[556323,533498],[556340,532734],[555860,532860],[555586,532374],[554343,532694],[554044,532011],[555743,530672],[555647,530051],[556657,529844],[557680,529229],[557965,530132],[558340,529934],[558681,530432],[559460,529929],[560826,529564],[562537,529427],[562687,528736],[562282,528310],[561886,528348],[561787,527880],[560808,528201],[560712,527747],[559948,526959],[559993,526177],[560974,525376],[560784,525160],[559857,525242],[560125,524768],[560647,524516],[560588,524336],[559694,525312],[559447,524481],[559160,524378],[558564,525328],[558627,525644],[558309,525536],[558246,525764],[557584,525861],[557231,526230],[555195,526338],[554659,525582],[554450,524728],[555277,523549],[554364,523261],[553755,523879],[553809,523023],[553319,522691],[552262,523543],[551629,523076],[550879,521828],[549772,522081],[549490,522546],[549819,523138],[549228,523501],[549270,524067],[548920,524059],[549090,525267],[548938,525733],[548535,525127],[548571,525473],[548342,525568],[547735,525339],[547659,524982],[546674,524986],[546849,524535],[546364,523698],[546727,523645],[546966,523125],[546827,522776],[546735,523041],[545964,522135],[545740,522164],[545685,521847],[546136,521510],[545968,521428],[546208,520739],[546409,520876],[546744,520492],[546474,520236],[546798,520217],[546613,519967],[546869,519803],[546678,519254],[547065,518986],[547080,517651],[547293,517276],[546913,517330],[547105,516959],[546588,516845],[546634,516496],[546012,515956],[545844,515450],[546138,514432],[546643,514186],[547066,513306],[546902,512747],[545024,512315],[544855,512066],[544469,512266],[544767,512019],[543984,511592],[543982,511052],[544355,510453],[544551,509256],[544896,509434],[546149,509249],[546446,509018],[546565,508299],[547003,508241],[547481,507561],[547693,506599],[548319,506503],[547839,505454],[548271,504840],[549594,505437],[549870,505085],[549538,504400],[550565,504429],[550339,503452],[550608,503531],[550470,503123],[551343,503249],[551303,503054],[550847,502728],[550710,502276],[550105,502100],[550031,501428],[549767,501537],[549345,501273],[548629,501582],[548719,502012],[548413,501913],[548532,500646],[547810,500398],[547364,501236],[547088,501291],[546616,501107],[546625,500806],[546220,500860],[545932,500369],[545439,500284],[545451,500521],[545013,500505],[545182,499944],[544697,499323],[543976,498935],[543336,498896],[542964,499120],[542771,498736],[541542,499139],[541351,498684],[541604,498649],[541812,497992],[541626,497737],[542200,497265],[542198,496815],[541279,497278],[540282,497266],[538548,498021],[538518,497760],[537902,497372],[537644,496606],[537318,496600],[536674,497635],[536481,497624],[536482,496379],[535817,495990],[535827,495269],[534877,495780],[533872,495474],[533558,495045],[533973,494727],[533732,494545],[533887,494184],[533111,493756],[532338,493982],[532108,494381],[532114,494179],[531752,494042],[531344,494748],[531003,494734],[530803,494259],[530566,494621],[530628,495115],[530937,495331],[530652,495413],[530907,495661],[530788,496115],[530436,496132],[530147,495595],[529548,495912],[527849,496128],[527281,497224],[527407,496571],[526574,497347],[525917,497420],[524848,498107],[524635,497829],[524017,498071],[523908,498620],[523383,498906],[523377,498603],[522774,498201],[522074,498740],[521491,497669],[520938,497356],[520707,497813],[520722,498354],[521004,498658],[520788,498791],[520833,500012],[520224,500381],[520210,500370]]]]}},{"type":"Feature","id":"401","properties":{"id":"401","name":"Stadt Linz"},"geometry":{"type":"MultiPolygon","coordinates":[[[[470110,482744],[469380,483448],[469063,483469],[470290,484175],[469670,484860],[470100,485073],[469946,486738],[470403,487227],[468935,488055],[469416,488371],[468992,488876],[468690,489920],[467723,490183],[467905,490470],[468375,490421],[468327,490678],[468692,490514],[468755,490685],[468317,491470],[468573,492463],[468368,493077],[468812,492920],[468400,494006],[469088,493960],[469185,494304],[469616,494227],[469601,494566],[469972,494659],[470522,495871],[470325,496087],[470938,496294],[470959,497892],[471309,498168],[471381,497366],[471067,497101],[471067,496748],[471384,496804],[471154,496356],[471345,495490],[471950,495871],[471980,495568],[472565,495754],[473164,495244],[473800,495326],[474262,494411],[475059,494460],[475309,494252],[475303,493951],[474357,493456],[474718,493157],[474646,492914],[475272,492561],[475959,492657],[476222,492230],[475337,492243],[475224,492067],[474779,492290],[474431,491910],[472866,492073],[472821,491852],[474253,490438],[475081,487645],[476246,486554],[478105,485865],[479514,484753],[479135,484289],[479937,483847],[478740,483183],[478914,483024],[478582,482782],[478692,482583],[478305,481795],[477201,482375],[476875,482339],[476012,481441],[474992,481519],[474644,481045],[474871,480438],[473969,479774],[473788,479852],[473712,479596],[472757,480413],[472939,480748],[472177,481849],[471259,481736],[471069,482124],[470487,482093],[470110,482744],[470110,482744]]]]}},{"type":"Feature","id":"402","properties":{"id":"402","name":"Stadt Steyr"},"geometry":{"type":"MultiPolygon","coordinates":[[[[480926,458994],[480828,458813],[480018,459703],[479819,459569],[479718,459805],[479398,459766],[479086,460152],[478138,460090],[477801,461285],[477966,462480],[478453,462694],[479174,463458],[479409,464078],[479764,464017],[480086,464585],[480374,464684],[480499,464380],[481162,464268],[482072,465112],[483152,465058],[483717,466117],[483939,465765],[484611,465962],[484567,465457],[483557,465096],[483943,464304],[483456,463337],[484032,463101],[483689,461560],[483883,461133],[483244,461249],[483376,460895],[483134,460287],[482156,460081],[481816,459463],[481081,459264],[480935,459014],[480926,458994]]]]}},{"type":"Feature","id":"403","properties":{"id":"403","name":"Stadt Wels"},"geometry":{"type":"MultiPolygon","coordinates":[[[[447890,470838],[447480,469825],[447138,470101],[447601,471129],[447150,471163],[447093,471707],[447676,472188],[447202,472697],[448070,473869],[447618,474089],[447589,474404],[447146,474748],[447451,475106],[447202,475383],[447537,475653],[446908,476146],[447394,476896],[447761,476651],[448621,476733],[448770,477005],[449010,476965],[449168,477403],[448532,477536],[448646,477788],[449039,477786],[449333,478679],[450811,478364],[450982,479050],[451821,478907],[452100,479355],[453127,479053],[453437,477702],[454901,478004],[455031,477719],[454828,477479],[455546,476592],[455373,476064],[455612,475756],[455785,475864],[455902,475498],[456208,475665],[456287,474971],[453663,473363],[451826,473011],[450679,472120],[447915,470881],[447890,470838]]]]}},{"type":"Feature","id":"404","properties":{"id":"404","name":"Braunau"},"geometry":{"type":"MultiPolygon","coordinates":[[[[366864,454803],[365998,455357],[364757,455368],[364516,456682],[363903,457715],[357578,463756],[356861,465336],[356576,467788],[357293,469015],[357321,469918],[358099,470079],[359334,469479],[360192,471198],[360327,472076],[361239,472603],[362464,472772],[362956,473316],[363072,474123],[363910,474304],[365533,478041],[366259,478301],[371830,478869],[372688,479436],[375190,482045],[376187,483696],[376888,484320],[379459,485204],[381318,486477],[384763,486589],[387966,488195],[389130,488490],[389834,488486],[390326,486737],[390139,486164],[390651,484843],[390657,485034],[391314,484898],[392249,485830],[393260,486177],[393441,485910],[394213,486152],[394341,485722],[394072,485572],[393963,485243],[394137,485104],[393812,484793],[394029,484612],[393795,484350],[394297,484364],[394305,483829],[395153,484413],[395731,483813],[395518,483633],[395705,483508],[396215,483833],[396489,483678],[396931,482789],[397373,483121],[397471,482438],[398163,482005],[397984,481381],[398166,481257],[398881,481719],[399079,482292],[399904,481607],[400021,481229],[400553,481530],[401050,481249],[400800,480903],[400934,480348],[400269,479870],[402027,478337],[401520,477522],[400717,477166],[400882,476836],[399309,476123],[399970,475338],[399795,475202],[400012,475108],[400093,474323],[400299,474211],[400042,473687],[400153,473202],[399618,472387],[399930,472281],[399882,471791],[399494,471657],[400198,471248],[399833,469910],[400031,469802],[399804,469312],[399922,468702],[399433,467993],[399397,467455],[399619,467176],[399355,467313],[399235,467099],[399679,466245],[399345,466487],[399492,465729],[399304,466310],[398610,466059],[400103,464865],[400091,464072],[399399,462474],[399431,461975],[399105,461586],[399170,461226],[398747,460671],[398265,460477],[397360,458880],[397434,458405],[397693,458383],[399091,458960],[399042,458037],[398659,457819],[398622,458084],[398323,458135],[398398,457873],[398082,457795],[398315,457485],[398091,457047],[398461,456758],[398103,456734],[398002,456484],[397264,456805],[397214,456441],[396658,456697],[396149,456187],[396259,455296],[395645,455380],[394360,454657],[393921,454814],[393667,454492],[393295,454745],[392638,454281],[392010,454328],[391777,453766],[391296,453564],[390978,453685],[390978,453373],[390292,453174],[390007,452770],[387917,452696],[387584,452972],[386092,452316],[386211,452674],[385941,452979],[386143,453093],[385766,453211],[385638,453978],[386042,454150],[386452,454757],[386355,455075],[384905,454353],[384238,454450],[384458,455229],[383648,454971],[382763,455441],[382204,455196],[381876,455576],[381888,456060],[381715,455933],[381521,456259],[381468,455936],[381004,456235],[380794,456114],[380668,456436],[381001,456898],[380649,457425],[379912,457433],[379497,457147],[379730,457774],[379919,457787],[379357,458520],[379584,458970],[378492,458799],[378829,459533],[378729,460116],[378352,460283],[377369,459291],[376768,459307],[376319,459796],[375920,459634],[375960,459384],[375545,458998],[374265,458834],[373518,458311],[373061,458355],[372330,459341],[371683,459637],[371493,459499],[371424,459796],[370405,459620],[369331,458325],[368521,458174],[367894,456449],[367549,456302],[367151,454741],[366885,454793],[366864,454803]]]]}},{"type":"Feature","id":"405","properties":{"id":"405","name":"Eferding"},"geometry":{"type":"MultiPolygon","coordinates":[[[[453912,483852],[453916,483557],[453347,483073],[452512,483139],[452052,483571],[451648,483399],[451323,483539],[450832,482683],[449719,482644],[448925,482311],[448639,481894],[448003,481961],[447256,482267],[447173,483159],[446950,482817],[446392,483384],[445644,483622],[445296,483659],[444598,483219],[444012,483608],[442683,483947],[441773,483794],[441341,485198],[441024,485320],[441164,485934],[440845,486735],[442655,487363],[442630,488216],[442851,488545],[441878,488800],[439784,487744],[439343,488153],[438914,488299],[438781,488031],[438479,488246],[438805,488945],[438759,489598],[439442,489452],[439469,490172],[439868,490600],[439797,490819],[440166,490884],[440424,490438],[440731,490767],[440997,490681],[441317,491450],[442158,491160],[442422,491478],[441881,492194],[442722,492806],[442507,493010],[442760,492983],[442874,493482],[442596,494140],[442087,493905],[441919,494256],[442096,494616],[441926,494457],[441362,494683],[441891,494825],[442058,495358],[441419,495603],[441460,496080],[441874,497171],[442428,497317],[442795,498510],[443339,499084],[443112,499224],[443773,499227],[443364,499944],[442699,500148],[442132,500660],[441528,500724],[440267,501957],[439723,502949],[440091,503364],[440024,503815],[439038,504399],[438576,504956],[438495,505319],[438784,505767],[439267,505818],[440210,505249],[440992,505243],[442449,506345],[443330,505742],[443439,504488],[443901,503596],[443927,502335],[445029,500649],[445634,500888],[446197,502245],[447053,502119],[448213,502722],[449254,502091],[451630,497791],[451666,496981],[451212,495669],[451055,494270],[451323,493530],[452231,492554],[454529,491343],[456513,490942],[458012,490298],[458951,490491],[460286,491524],[460105,489901],[459605,489494],[460120,489356],[459891,488747],[460044,488427],[460868,488795],[461022,488189],[460861,487366],[461732,486791],[460258,486595],[460229,486007],[459635,486050],[459755,485608],[459498,485496],[457569,484955],[457210,485063],[457072,484663],[456545,484761],[456451,484311],[455931,484132],[455511,483481],[454651,483456],[453935,483869],[453912,483852]]]]}},{"type":"Feature","id":"406","properties":{"id":"406","name":"Freistadt"},"geometry":{"type":"MultiPolygon","coordinates":[[[[490483,492337],[489540,492457],[488895,491595],[488334,491794],[488121,491386],[487825,491323],[487631,491852],[486752,491779],[486084,492671],[485543,492909],[485200,492654],[484909,492737],[484640,493394],[483759,494353],[483482,495040],[483640,495340],[482092,495790],[481827,496123],[481905,496376],[481450,496780],[481532,497079],[482481,496908],[482298,497630],[483038,497950],[483147,498430],[483962,498495],[483999,499158],[483720,499780],[483937,500254],[483073,500925],[482744,501803],[482347,501732],[482174,502022],[481665,502008],[481433,502234],[481561,502576],[481247,502827],[480988,504040],[480650,504120],[480685,503892],[479734,504326],[479773,505536],[480014,505874],[479616,506141],[478848,507947],[478972,508350],[479540,508501],[478874,509132],[478985,509576],[477764,510679],[477853,510974],[477261,510933],[477114,511575],[477594,511587],[477581,511846],[476659,512922],[476771,513465],[477351,513422],[476979,513955],[476982,514196],[477296,514285],[476679,515184],[476854,515596],[477661,515447],[477637,515954],[477882,515967],[478098,515033],[478536,515544],[478705,516263],[479019,516488],[479642,516293],[479665,516520],[480008,516606],[480306,516372],[479823,516273],[480247,516246],[480592,515750],[481552,515574],[481488,516488],[480554,516395],[480503,516767],[480184,516820],[480037,517224],[479269,517362],[478906,518403],[478972,519659],[478382,519923],[478122,520864],[477840,520995],[477683,521959],[478132,522229],[478425,521981],[479626,522082],[480565,521599],[481058,521701],[481362,522729],[481831,522939],[482260,524364],[482176,525122],[482507,525672],[482812,525724],[481877,527744],[482575,527898],[483010,527749],[483792,528335],[483996,527840],[484374,527688],[484301,527340],[484944,526768],[485522,526629],[485693,525471],[486284,524923],[487212,525201],[488016,524645],[489501,524652],[490030,523685],[490663,523417],[490799,523984],[491650,524300],[492027,524948],[492704,525002],[493647,526219],[494190,526228],[494735,525550],[495402,523625],[495730,523485],[496816,524266],[497425,523640],[498180,521164],[499585,521268],[500224,521558],[500260,521048],[501755,520864],[502471,519888],[502720,519041],[503176,519016],[503726,518444],[503631,517959],[504127,517961],[504117,518653],[504575,519137],[505186,519280],[505558,519276],[505847,518650],[506335,518357],[507028,518912],[508318,518428],[508887,518469],[509322,517731],[510634,517524],[511181,517158],[511984,516261],[511666,515641],[513288,515342],[514044,515427],[514983,514947],[515476,514956],[516649,514027],[516692,513221],[517398,512884],[517165,512256],[515926,512599],[515241,512252],[515181,511685],[514890,511517],[515081,510874],[514338,510304],[513375,510104],[514193,508825],[513957,507809],[514078,507441],[515806,506880],[516899,505021],[516832,504634],[517708,504320],[518463,503544],[518562,503002],[518261,502531],[517435,502776],[517188,501635],[516755,501791],[515314,501518],[515147,500732],[514229,500523],[514500,499845],[513978,499704],[514025,499350],[513666,499399],[513484,498853],[512924,498871],[513136,498324],[512573,498286],[512341,498165],[512508,497914],[512213,497871],[512221,498367],[511568,498581],[511388,498483],[511577,497836],[511110,497075],[510577,497304],[509845,497221],[509511,495927],[508556,495420],[508288,494758],[508364,494319],[508001,494049],[507287,494488],[507138,494833],[506744,494813],[506138,494633],[506157,494402],[505900,494311],[506331,493891],[506215,493709],[505646,494054],[505547,493849],[505071,493925],[504684,494281],[504200,493935],[504082,493373],[502792,494153],[502482,493929],[502216,494098],[500861,492645],[500269,491500],[499838,491312],[499770,490861],[499026,491738],[499025,492048],[498643,492069],[497951,492622],[498333,492697],[498224,493209],[497720,493035],[497678,493381],[497377,493543],[497557,493613],[497443,493812],[496981,494173],[496385,493874],[496314,492715],[496658,492587],[496677,492305],[496234,492478],[496222,491906],[496452,491625],[496093,491606],[496243,491237],[495823,491429],[495834,491109],[495513,491041],[495383,491307],[494988,491374],[494796,491154],[495246,490582],[495032,490023],[494467,489899],[494418,490105],[493697,490254],[493190,489579],[492574,489433],[491818,490379],[492020,491671],[491571,491985],[491475,491827],[490862,492029],[490804,492410],[490492,492345],[490483,492337]]]]}},{"type":"Feature","id":"407","properties":{"id":"407","name":"Gmunden"},"geometry":{"type":"MultiPolygon","coordinates":[[[[421088,397144],[419864,397379],[419323,397092],[415194,399513],[414139,399445],[412756,401373],[411857,401543],[410883,403339],[410746,404860],[411450,405940],[410962,407640],[411910,408631],[412985,409184],[413060,411270],[414332,413226],[413962,414370],[413564,414817],[412983,414409],[411817,414554],[411381,415800],[411871,416066],[411802,416346],[412601,417732],[412572,418854],[413438,419795],[413840,419583],[415016,420386],[415236,421783],[416037,422624],[416374,423878],[414148,424376],[413001,424284],[413004,424683],[410801,424985],[407775,426576],[408428,428842],[408289,429163],[408473,430132],[410058,431882],[410898,431447],[411536,431430],[413686,430306],[416120,430956],[416712,430670],[416706,430145],[417165,429448],[418335,429132],[419363,429977],[419722,429860],[420464,430453],[420650,431973],[421214,432531],[421790,434090],[422103,434586],[423105,435113],[421832,436009],[421141,436247],[420667,436089],[420478,436397],[420560,436898],[421361,437764],[421215,438057],[421659,438540],[421331,439290],[422054,439377],[422418,441006],[423882,441092],[424293,441386],[424730,442195],[424078,443533],[424865,444197],[424668,444681],[425131,445557],[425330,445759],[426159,445704],[427013,445341],[426881,446270],[427508,446396],[427426,446880],[428101,447838],[428874,448290],[429698,448420],[429557,448618],[430115,449143],[430540,449139],[430656,449332],[430277,449602],[430577,450516],[430415,450750],[431068,451342],[430497,452220],[430395,453561],[430816,453854],[432524,454084],[432552,455450],[433012,456185],[433697,455518],[434477,455312],[434489,456996],[434871,457664],[435681,458730],[436345,458971],[436457,460040],[437243,460408],[437543,460994],[438044,461295],[437677,461661],[438392,461924],[438592,461092],[438714,460923],[438906,461181],[439447,460431],[439178,460104],[439852,460321],[440101,459821],[440529,459800],[439748,459263],[440094,459018],[439949,458746],[440550,458338],[440984,457370],[441509,458308],[442887,458060],[442783,458858],[443320,459054],[443980,458895],[443944,459110],[444215,459074],[444614,458677],[445854,459337],[446661,458723],[446762,458305],[447178,458514],[447319,458109],[447081,457742],[448055,457396],[448047,456967],[448858,456181],[448671,455998],[448888,455208],[448278,454882],[448068,455501],[447891,455483],[447731,454492],[446836,454245],[446755,453386],[446179,453337],[447209,452671],[447621,452849],[448246,452692],[449104,452006],[448366,450953],[448850,449898],[449409,449581],[449135,448234],[449283,447637],[448355,447363],[448149,446192],[448803,445125],[448979,444313],[448573,444195],[449301,442415],[450497,442102],[451123,441404],[451705,441791],[453301,441631],[456330,439966],[456386,438936],[456670,438692],[457257,438678],[456827,437622],[457095,436942],[456849,436725],[455993,436374],[454477,436324],[453763,435703],[453289,434886],[453002,435012],[452176,434090],[451125,433840],[450175,433968],[449941,433655],[450489,432964],[450297,432146],[450867,431010],[451133,430816],[451713,431068],[452596,430754],[452139,429835],[452122,429190],[452790,428498],[453403,427114],[454173,426519],[454805,424427],[453533,423731],[453120,424018],[452305,423933],[451401,422838],[450872,422605],[450203,422839],[448832,422185],[446445,423543],[445210,423533],[444069,423019],[443081,423677],[442815,424404],[442254,424381],[441570,424872],[440940,424819],[440783,425333],[440176,425031],[439576,425444],[439727,425306],[438877,424014],[438075,424491],[434539,423770],[433383,424418],[433368,423995],[431662,422278],[431299,420965],[430148,420702],[430358,419486],[428820,418981],[428093,418435],[428250,417647],[427941,416272],[427270,414871],[427163,413800],[427583,411139],[426999,409981],[427206,408950],[427812,409186],[428602,408969],[428622,408500],[430299,408695],[431853,406003],[431941,405127],[431229,405015],[431133,404770],[431574,403061],[432229,402401],[431372,400319],[429848,399050],[429149,397946],[428987,397200],[429392,395919],[428639,395816],[428112,396111],[425254,395965],[422533,396345],[421539,397069],[421098,397127],[421088,397144]]]]}},{"type":"Feature","id":"408","properties":{"id":"408","name":"Grieskirchen"},"geometry":{"type":"MultiPolygon","coordinates":[[[[428818,469281],[428427,469633],[426982,469140],[426243,469271],[425865,470422],[425708,469991],[424770,469893],[424680,469676],[424054,469877],[423480,470507],[422317,470111],[421756,470470],[420278,470444],[420094,470905],[420459,471354],[420327,473089],[420878,473992],[420804,475930],[421142,476053],[421081,476533],[421327,476558],[421144,477130],[421741,477389],[420677,477979],[420701,478171],[420191,478143],[420084,479124],[419577,479375],[418739,479352],[418706,480753],[418454,480798],[418405,481277],[418086,481158],[417639,481646],[417725,482511],[417460,482723],[417411,483192],[417621,483497],[418628,483287],[419090,483499],[419176,483871],[419716,483574],[420150,483674],[420469,483257],[420407,482965],[420613,482939],[421451,483251],[421641,483554],[423690,483504],[424074,484016],[423692,484428],[423786,484874],[423394,485048],[423373,485827],[423924,486073],[423740,486135],[423875,486805],[423673,487107],[423855,487366],[424244,487235],[424470,487805],[424843,487685],[424600,488284],[425020,488679],[425149,489551],[426498,489481],[426513,490036],[427482,490179],[427571,490586],[428350,490674],[428664,491019],[428432,491508],[428740,492158],[428015,492469],[428042,492703],[428377,492555],[428832,493261],[428277,494860],[428670,495689],[429366,496308],[429098,496966],[427271,498969],[426895,500308],[426104,500931],[427071,502120],[427101,502608],[426818,502921],[427056,503237],[426933,504044],[427816,504251],[428231,504856],[429519,505622],[430378,505588],[431794,504067],[432761,504428],[433139,503591],[434909,502318],[435149,502284],[435069,502480],[435490,502850],[436650,503357],[436537,502763],[436200,502426],[436458,502118],[437540,502223],[438064,501751],[438157,501975],[438402,501926],[438539,501641],[439427,503099],[439713,503115],[440267,501957],[441510,500738],[442221,500620],[443711,499547],[443743,499168],[443112,499224],[443339,499084],[442795,498510],[442428,497317],[441874,497171],[441460,496080],[441419,495603],[442058,495358],[441891,494825],[441362,494683],[441926,494457],[442096,494616],[441919,494256],[442087,493905],[442596,494140],[442874,493482],[442760,492983],[442507,493010],[442722,492806],[441881,492194],[442422,491478],[442158,491160],[441317,491450],[440997,490681],[440731,490767],[440424,490438],[440166,490884],[439797,490819],[439868,490600],[439469,490172],[439442,489452],[438759,489598],[438805,488945],[438479,488246],[438781,488031],[438914,488299],[439343,488153],[439784,487744],[441878,488800],[442851,488545],[442630,488216],[442655,487363],[440845,486735],[441164,485934],[441024,485320],[441341,485198],[441773,483794],[442683,483947],[444012,483608],[444598,483219],[445488,483653],[446354,483406],[446950,482817],[447173,483159],[447256,482267],[448378,481878],[449035,482166],[449306,481832],[449163,481279],[449378,481361],[449576,481113],[449149,480506],[449229,480028],[447450,480548],[447332,480154],[446797,480073],[446744,479691],[446421,480173],[446154,480100],[445964,479317],[445400,479272],[445318,479047],[445261,479269],[444498,479686],[444246,479608],[443295,480355],[442835,480072],[442857,479650],[441625,479315],[441369,478790],[439935,478986],[439418,478578],[437938,478586],[437935,478097],[438165,477888],[437869,477694],[438507,477406],[438761,477565],[438645,477231],[438991,476768],[439427,476713],[439624,476348],[440963,475736],[441105,475222],[439990,474806],[439911,474461],[440212,473999],[439472,473753],[438916,474134],[437257,474223],[437120,474731],[436447,475344],[436175,474883],[436394,474386],[435893,473431],[435990,473190],[435533,473216],[435377,472879],[434868,472632],[435090,472008],[434289,472371],[434485,472549],[434076,472957],[433768,472778],[434176,472356],[433353,472178],[433610,471807],[432697,471657],[433248,470856],[432851,470632],[432772,469842],[432244,469847],[431971,469392],[431703,469449],[431384,468812],[430878,468427],[430966,467982],[429798,468344],[428939,469184],[428818,469281]]]]}},{"type":"Feature","id":"409","properties":{"id":"409","name":"Kirchdorf"},"geometry":{"type":"MultiPolygon","coordinates":[[[[465473,417325],[463476,415732],[462811,415944],[462159,415569],[461075,415605],[460371,415236],[460113,414796],[458455,414493],[457780,414041],[457327,414025],[457151,413621],[456164,413587],[455018,413196],[454668,413428],[453972,413326],[454239,414219],[453627,414355],[454269,418967],[451575,421491],[450872,422605],[451401,422838],[452305,423933],[453120,424018],[453533,423731],[454805,424427],[454803,424631],[454173,426519],[453403,427114],[452790,428498],[452122,429190],[452139,429835],[452596,430754],[451713,431068],[451133,430816],[450867,431010],[450297,432146],[450489,432964],[449941,433655],[450175,433968],[451125,433840],[452176,434090],[453002,435012],[453289,434886],[453763,435703],[454477,436324],[455993,436374],[456849,436725],[457095,436942],[456827,437622],[457257,438678],[456670,438692],[456386,438936],[456330,439966],[453301,441631],[451705,441791],[451123,441404],[450497,442102],[449301,442415],[448573,444195],[448979,444313],[448803,445125],[448149,446192],[448355,447363],[449283,447637],[449135,448234],[449409,449581],[448850,449898],[448366,450953],[449104,452006],[448246,452692],[447621,452849],[447209,452671],[446179,453337],[446755,453386],[446836,454245],[447731,454492],[447891,455483],[448068,455501],[448278,454882],[448569,454920],[448535,455136],[448888,455208],[448723,456106],[450009,456329],[450053,456665],[450658,456872],[451020,457512],[451507,457321],[451720,457854],[452219,458253],[452129,459032],[452355,459504],[452162,459783],[452492,459995],[452373,460913],[452629,461381],[452558,461827],[452824,461656],[453244,462003],[454038,462054],[454417,461486],[454790,461965],[455164,461529],[455738,461762],[456298,462182],[456123,462420],[456482,462721],[456300,462991],[456553,463216],[456235,463885],[456652,464559],[456903,464736],[457487,464429],[457767,464559],[457626,464702],[458468,465856],[458251,465964],[458482,466348],[459078,466366],[458966,465817],[459279,465746],[459554,466789],[459779,466893],[460268,466548],[460495,466935],[460972,466909],[461250,467200],[461404,467052],[461166,466773],[461182,466145],[460763,466351],[460609,465845],[461929,464473],[461945,464112],[461654,463943],[462379,463647],[462557,463970],[463864,464167],[463060,462804],[462190,462919],[461724,462533],[460915,462318],[461100,461490],[462296,460887],[462430,461285],[463299,461791],[463252,462025],[464035,461947],[464038,461413],[463451,460930],[463590,460795],[463027,460571],[463461,460337],[462655,459733],[462508,459362],[462522,458877],[462853,458521],[461606,458863],[461651,457988],[462263,458100],[462842,457495],[463079,457539],[462843,457042],[462411,456855],[462139,456023],[463177,455966],[463115,455740],[463709,455534],[463816,454786],[464351,454762],[464025,454316],[464312,453689],[464691,453150],[465077,453412],[465481,452691],[465647,453038],[466202,452658],[467099,453229],[467781,453146],[467877,452796],[468616,452899],[468823,452639],[469249,453031],[469814,453079],[470508,454251],[470604,455606],[471797,456408],[472136,455651],[471749,454555],[472527,453969],[473085,452481],[473513,452111],[472686,452061],[472767,451434],[472451,450988],[472560,450402],[471811,449807],[472118,448909],[472941,448267],[472790,447805],[472299,447399],[471695,447260],[471943,446823],[471711,445929],[473826,445413],[474489,445647],[474860,445374],[476824,445590],[477479,444209],[478081,444332],[478324,443568],[479240,443638],[479409,443135],[480781,442867],[480774,441864],[480009,440426],[480379,439726],[479702,438555],[479972,437924],[479537,437397],[479262,436394],[480343,435861],[480493,434501],[481084,434045],[481002,433866],[481387,433804],[481406,433098],[481591,432959],[482942,433465],[483192,433165],[482876,432562],[482927,432026],[485145,430771],[485197,430175],[485979,429266],[485908,428747],[486742,428201],[486460,427710],[486739,427086],[486515,426460],[486061,426055],[486301,425756],[486147,425262],[484585,424877],[485025,424370],[484990,423692],[486204,423271],[486314,422810],[486973,422258],[486699,420823],[485711,420134],[485487,419492],[485087,419511],[483847,418861],[483707,418074],[482914,417599],[481918,417625],[481720,418029],[479971,417569],[479613,417090],[479806,415920],[478010,414916],[477225,414893],[475290,413694],[474697,412486],[474284,412586],[473665,412340],[472924,412690],[472448,412495],[471347,413219],[470034,412753],[469350,413007],[468952,413711],[467769,414666],[466889,416237],[467589,417188],[466535,417129],[465577,417377],[465473,417325]]]]}},{"type":"Feature","id":"410","properties":{"id":"410","name":"Linz-Land"},"geometry":{"type":"MultiPolygon","coordinates":[[[[468296,467676],[468505,466677],[468050,465846],[467886,465941],[467613,465621],[466853,465781],[466820,465468],[466507,465450],[466470,465046],[466275,465191],[465547,464839],[465378,464377],[465274,465029],[464810,465318],[464805,465089],[464514,465005],[464687,464777],[464344,464199],[463820,464303],[462753,463859],[462557,463970],[462359,463648],[461654,463943],[461945,464112],[461929,464473],[460609,465845],[460763,466351],[461182,466145],[461166,466773],[461404,467052],[461250,467200],[460972,466909],[460495,466935],[460268,466548],[459777,466895],[460580,467863],[461611,468556],[461054,468887],[459014,469263],[458403,469719],[458671,470607],[459022,470738],[459329,472385],[460124,472480],[460178,472764],[460645,472683],[460712,473348],[461670,474264],[461695,474706],[461963,474960],[462283,474720],[462319,475396],[461906,476010],[461550,475919],[461728,476279],[461196,476319],[460843,477570],[461276,478561],[461032,480428],[457949,480360],[457981,481124],[457456,481048],[457209,481484],[456414,481825],[456623,482872],[457622,483296],[457116,483551],[456412,484524],[456603,484788],[457072,484663],[457210,485063],[457569,484955],[459743,485601],[459635,486050],[460229,486007],[460258,486595],[461732,486791],[460861,487366],[461022,488189],[460868,488795],[460044,488427],[459891,488747],[460120,489356],[459605,489494],[460105,489901],[460223,490980],[461293,491037],[461302,491340],[462047,491673],[462116,492352],[463250,492898],[463759,492666],[465768,490547],[466808,490225],[467905,490470],[467723,490183],[468690,489920],[468992,488876],[469416,488371],[468935,488055],[470403,487227],[469946,486738],[470100,485073],[469670,484860],[470290,484175],[469063,483469],[469485,483372],[470487,482093],[471069,482124],[471259,481736],[472177,481849],[472939,480748],[472757,480413],[473712,479596],[473788,479852],[473969,479774],[474871,480438],[474644,481045],[474992,481519],[476012,481441],[476875,482339],[477201,482375],[478305,481795],[478692,482583],[478582,482782],[478914,483024],[478740,483183],[479911,483794],[480359,483206],[481971,482815],[482271,483385],[483513,482511],[484993,482871],[485837,483357],[486537,483402],[488268,482716],[485949,480932],[485279,478227],[485484,477317],[485229,476544],[485604,475670],[485171,474127],[484423,472850],[485143,471884],[485218,471418],[484496,469787],[486077,469250],[486499,468836],[486357,468471],[484787,467757],[484395,468327],[483734,468265],[483045,468713],[482977,468495],[482313,468554],[481306,468129],[480905,468642],[480627,468654],[480516,469061],[480596,469727],[481110,469529],[481187,470095],[480679,470285],[480525,469978],[479907,470286],[479456,470116],[478932,471210],[478606,471255],[478395,470952],[478475,471271],[477787,470345],[477515,470313],[476647,471178],[475917,470786],[475338,470077],[474745,470097],[474555,469809],[474755,469681],[474266,468908],[474113,468761],[473748,468964],[473568,468109],[472441,468553],[472289,468416],[471705,468800],[471510,468676],[471392,468884],[471096,468456],[470726,468534],[470626,467409],[469863,467478],[469814,467826],[468942,467530],[469028,467834],[468297,467676],[468296,467676]]]]}},{"type":"Feature","id":"411","properties":{"id":"411","name":"Perg"},"geometry":{"type":"MultiPolygon","coordinates":[[[[488098,482769],[486537,483402],[485837,483357],[484993,482871],[483513,482511],[482271,483385],[481971,482815],[480359,483206],[479534,484219],[479135,484289],[479684,484962],[479532,485771],[479779,486207],[479510,486916],[479854,487016],[479706,487252],[480022,487450],[479719,488561],[480424,489142],[480998,489221],[480529,489345],[480357,489995],[481635,489839],[482533,489066],[485262,489900],[485002,490288],[485420,490915],[484882,491030],[484587,490937],[484562,490679],[483698,490969],[483794,491565],[484250,492199],[483913,492446],[484568,492937],[484872,492681],[485543,492909],[486084,492671],[486735,491787],[487690,491816],[487825,491323],[488121,491386],[488334,491794],[488895,491595],[489540,492457],[490804,492410],[490862,492029],[491475,491827],[491571,491985],[492020,491671],[491818,490379],[492525,489454],[493190,489579],[493697,490254],[494686,489876],[495032,490023],[495246,490580],[494796,491154],[494988,491374],[495383,491307],[495513,491041],[495834,491109],[495823,491429],[496243,491237],[496093,491606],[496452,491625],[496222,491906],[496234,492478],[496677,492305],[496658,492587],[496314,492715],[496385,493874],[497024,494176],[497544,493651],[497377,493543],[497678,493381],[497720,493035],[498224,493209],[498333,492697],[497951,492622],[498643,492069],[499025,492048],[499026,491738],[499770,490861],[499838,491312],[500269,491500],[500861,492645],[502216,494098],[502482,493929],[502792,494153],[504082,493373],[504200,493935],[504684,494281],[505066,493927],[505547,493849],[505646,494054],[506102,493672],[506331,493890],[505900,494311],[506157,494402],[506106,494601],[507018,494852],[508014,494058],[508381,494335],[508288,494758],[508556,495420],[509511,495927],[509845,497221],[510577,497304],[511110,497075],[511577,497836],[511415,498524],[511980,498539],[512268,498253],[512206,497873],[512503,497911],[512341,498165],[513185,498380],[512924,498871],[513484,498853],[513666,499399],[514025,499350],[513978,499704],[514500,499845],[514229,500523],[515147,500732],[515314,501518],[516755,501791],[517188,501635],[517435,502776],[518261,502531],[518582,503198],[518066,503951],[518862,503898],[519171,503502],[519005,503315],[519133,503030],[519658,502855],[519531,502191],[518394,501127],[517982,501132],[517244,500099],[517785,499989],[518793,500786],[520833,500012],[520845,498934],[520459,498447],[520075,497087],[519941,495301],[520108,494803],[519842,494603],[519442,492843],[519953,492732],[520666,493068],[521703,492726],[522151,492872],[522681,492191],[522482,490066],[522746,489783],[523002,488008],[522890,486153],[523187,485391],[522652,485236],[521632,484354],[521595,483414],[521947,483015],[521426,482602],[521023,482699],[521099,482492],[520312,481240],[520521,480842],[521209,480788],[521324,480233],[521587,480076],[521284,479574],[522035,479269],[521993,479018],[520872,479638],[519782,482035],[519368,482467],[517515,482711],[515997,482124],[515532,482611],[515034,482629],[514292,482094],[513252,481806],[513148,480016],[512418,478480],[511474,477834],[509526,477527],[508505,477035],[504858,476025],[504597,475707],[503572,476363],[502798,476403],[502092,475294],[502075,474599],[500972,473971],[499687,474446],[498783,475069],[498806,475483],[497642,475784],[496787,476463],[496093,477492],[495050,478170],[493522,480633],[492908,481240],[490168,482445],[488099,482768],[488098,482769]]]]}},{"type":"Feature","id":"412","properties":{"id":"412","name":"Ried"},"geometry":{"type":"MultiPolygon","coordinates":[[[[409432,467520],[408878,467441],[408379,466944],[407757,466807],[407528,466315],[407102,466258],[406705,465804],[406725,465144],[406210,464925],[405391,465062],[404700,464383],[404541,464054],[404687,463768],[404370,463476],[404528,462916],[404273,461574],[403766,461323],[404162,461736],[403448,462039],[401982,461344],[401500,461773],[401290,461422],[400990,463340],[399814,463341],[400118,464840],[398610,466059],[399304,466310],[399492,465729],[399345,466487],[399679,466245],[399235,467099],[399355,467313],[399619,467176],[399397,467455],[399433,467993],[399922,468702],[399804,469312],[400031,469802],[399833,469910],[400198,471248],[399494,471657],[399882,471791],[399930,472281],[399618,472387],[400153,473202],[400042,473687],[400299,474211],[400093,474323],[400012,475108],[399795,475202],[399970,475338],[399309,476123],[400882,476836],[400717,477166],[401520,477522],[402027,478337],[400269,479870],[400934,480348],[400800,480903],[401050,481249],[400553,481530],[400021,481229],[399904,481607],[399079,482292],[398881,481719],[398166,481257],[397984,481381],[398163,482005],[397471,482438],[397373,483121],[396931,482789],[396489,483678],[396215,483833],[395705,483508],[395518,483633],[395731,483813],[395153,484413],[394305,483829],[394297,484364],[393795,484350],[394029,484612],[393812,484793],[394137,485104],[393963,485243],[394072,485572],[394341,485722],[394213,486152],[393441,485910],[393260,486177],[392249,485830],[391314,484898],[390657,485034],[390651,484843],[390134,486188],[390326,486737],[389834,488486],[393790,488196],[394669,488404],[399540,491373],[402571,494865],[405578,497006],[405798,496522],[405514,495705],[405788,495572],[405631,495330],[406240,495232],[406920,494769],[406560,493390],[407076,493246],[407222,493775],[407533,493797],[407623,492765],[408158,493458],[408603,493006],[408862,493224],[409225,492903],[410487,492840],[410483,492367],[411557,492168],[411938,492421],[411867,492855],[412205,492506],[412463,492840],[412880,492409],[414332,491854],[414652,492013],[414718,492549],[415378,492194],[416032,492479],[416302,492180],[416849,492901],[417149,491702],[416880,491139],[417108,490065],[417783,490157],[418224,489830],[418093,489286],[418418,489066],[419150,489158],[419056,488824],[419366,488815],[419493,489078],[419820,488443],[420176,488896],[420803,488880],[420869,488650],[420981,488916],[421571,488907],[421415,488053],[421549,487872],[421897,487960],[421962,487750],[421685,486947],[421490,486913],[421656,486395],[421382,486165],[421487,485856],[421259,485819],[421045,485007],[420131,484881],[419540,484059],[419162,483920],[419090,483499],[418557,483280],[417621,483497],[417411,483192],[417460,482723],[417725,482511],[417639,481646],[418086,481158],[418405,481277],[418454,480798],[418706,480753],[418739,479352],[419577,479375],[420084,479124],[420191,478143],[420701,478171],[420677,477979],[421741,477389],[421144,477130],[421327,476558],[421081,476533],[421142,476053],[420804,475930],[420878,473992],[420327,473089],[420459,471354],[420099,470998],[420490,470272],[420430,469742],[420171,469450],[419172,469360],[418576,468438],[417912,468767],[416931,468342],[416411,468533],[416295,468976],[415334,468630],[414854,468798],[414435,468356],[413609,468504],[413494,468192],[412976,468134],[412276,467534],[411651,467783],[410602,467421],[409432,467521],[409432,467520]]]]}},{"type":"Feature","id":"413","properties":{"id":"413","name":"Rohrbach"},"geometry":{"type":"MultiPolygon","coordinates":[[[[443340,505731],[442449,506345],[440992,505243],[440210,505249],[439267,505818],[438784,505767],[438495,505319],[438576,504956],[440105,503588],[440008,503234],[439427,503099],[438024,504117],[435100,507138],[432891,507942],[432500,508669],[430642,510219],[429146,512736],[429520,513117],[429599,514104],[430665,514564],[430743,515525],[430353,516192],[431175,516987],[430569,517123],[431109,518367],[431566,518579],[432292,517261],[433781,519303],[434561,519501],[435022,520709],[435000,521339],[434593,521611],[434570,522147],[435114,522434],[435015,522993],[435566,523514],[435644,524062],[436129,524028],[436364,524513],[436186,525274],[436459,525565],[436404,526323],[436043,526750],[436221,527094],[435479,527964],[435884,530278],[435648,531486],[435386,531732],[435407,532655],[435670,532989],[436882,532665],[437162,533633],[435912,533461],[435437,533665],[435230,533846],[435243,534525],[434637,534452],[434022,535229],[434535,535479],[435154,536778],[435790,537102],[435915,539612],[437023,540548],[437268,541536],[437537,541643],[437925,541336],[438415,541518],[439390,541329],[441389,539948],[443187,538149],[443272,537731],[443632,537579],[443739,537151],[444630,536208],[445701,535939],[445869,535238],[446943,535107],[447518,534734],[447948,534859],[449370,534613],[449848,534203],[449771,533921],[450113,533495],[449864,533153],[450065,533102],[450238,533419],[450469,533255],[450326,532770],[451006,532465],[451253,532055],[450952,531831],[451613,531427],[451665,531125],[452342,531188],[453529,530794],[453586,529695],[453116,528463],[452164,528657],[450955,528413],[450864,527623],[449964,526959],[450552,526637],[450887,525973],[451421,525758],[451313,525471],[452324,525794],[452745,525617],[452572,524692],[452221,524504],[452318,524001],[453015,523632],[453219,523038],[454304,523364],[454167,522016],[454551,522577],[455583,522611],[456383,522591],[456280,521745],[457077,521446],[457784,521419],[458826,522384],[459676,521949],[460518,522211],[460887,521802],[461238,521841],[461705,520987],[461622,520210],[460984,520052],[461273,519783],[460843,519013],[461017,518643],[460815,518636],[460851,518337],[461142,517927],[461052,517695],[461360,517525],[461016,516669],[461179,516345],[461621,516420],[461960,517199],[462176,516616],[461933,516035],[462460,515820],[461729,515594],[461889,515157],[462899,514872],[462903,515152],[463328,515525],[463303,515044],[463901,514782],[463370,513354],[464204,512410],[464102,512145],[464345,512118],[463863,511215],[463937,510921],[463180,510767],[462978,511433],[462659,511500],[462750,511786],[462494,511963],[461795,510977],[462199,510290],[461989,509514],[462538,508089],[462379,507277],[462659,506829],[462256,506429],[461680,506445],[461170,506052],[460904,505021],[461094,504821],[460520,504409],[460334,503615],[459858,503332],[459602,503559],[458374,505632],[458087,504965],[457095,505341],[456894,505115],[457056,504518],[456622,503842],[456205,503739],[456169,502706],[455039,501806],[455437,500794],[455326,500342],[454632,499993],[453467,500533],[453150,500226],[453538,499126],[453396,498848],[452902,498772],[453074,498051],[451682,497346],[451402,498349],[449622,501169],[449345,501982],[448373,502697],[447846,502649],[447053,502119],[446108,502206],[445634,500888],[445241,500645],[444891,500748],[443927,502335],[443901,503596],[443439,504488],[443344,505727],[443340,505731]]]]}},{"type":"Feature","id":"414","properties":{"id":"414","name":"Schärding"},"geometry":{"type":"MultiPolygon","coordinates":[[[[414769,492528],[414652,492013],[414332,491854],[412880,492409],[412774,492730],[412463,492840],[412140,492509],[412063,492868],[411867,492855],[411938,492421],[411557,492168],[410483,492367],[410487,492840],[409225,492903],[408862,493224],[408603,493006],[408158,493458],[407922,493393],[407653,492751],[407533,493797],[407222,493775],[407076,493246],[406560,493390],[406861,494897],[405631,495330],[405788,495572],[405512,495672],[405782,496097],[405578,497006],[406296,498308],[406607,500586],[407941,503729],[407787,504634],[407055,505865],[407004,506497],[409280,512495],[408404,513874],[408307,514459],[408685,514976],[408684,515419],[407873,516525],[407726,517487],[408668,518332],[409672,517225],[410544,517459],[410478,518160],[410805,518416],[411245,518068],[411534,518209],[411872,518675],[411763,518980],[412656,519292],[412871,519873],[412477,520225],[412772,521061],[413210,521363],[414448,520885],[415562,519555],[417305,518139],[418376,517879],[418947,518839],[419572,519014],[421568,517308],[423659,516742],[424424,515114],[426038,514470],[427562,513243],[429146,512736],[430642,510219],[432500,508669],[432891,507942],[435100,507138],[438024,504117],[439427,503099],[438539,501641],[438402,501926],[438157,501975],[438064,501751],[437540,502223],[436458,502118],[436200,502426],[436537,502763],[436650,503357],[435490,502850],[435069,502480],[435149,502284],[434909,502318],[433139,503591],[432761,504428],[431794,504067],[430349,505595],[429519,505622],[428231,504856],[427816,504251],[426933,504044],[427056,503237],[426818,502921],[427101,502608],[427071,502120],[426104,500904],[426895,500308],[427271,498969],[429098,496966],[429366,496308],[428670,495689],[428277,494860],[428832,493261],[428377,492555],[428042,492703],[428015,492469],[428740,492158],[428432,491508],[428707,491150],[428480,490734],[427571,490586],[427482,490179],[426513,490036],[426498,489481],[425149,489551],[425020,488679],[424600,488284],[424843,487685],[424470,487805],[424244,487235],[423855,487366],[423673,487107],[423875,486805],[423740,486135],[423924,486073],[423373,485827],[423394,485048],[423786,484874],[423692,484428],[424074,484016],[423690,483504],[421641,483554],[421451,483251],[420613,482939],[420407,482965],[420469,483257],[420150,483674],[419716,483574],[419143,483891],[419540,484059],[420134,484883],[421045,485007],[421259,485819],[421485,485851],[421382,486165],[421695,486564],[421490,486913],[421685,486947],[421962,487750],[421897,487960],[421549,487872],[421415,488053],[421583,488895],[420981,488916],[420858,488650],[420803,488880],[420176,488896],[419832,488441],[419493,489078],[419280,488807],[419056,488824],[419114,489171],[418418,489066],[418063,489334],[418224,489830],[417759,490165],[417108,490065],[417124,490406],[416965,490368],[416880,491139],[417149,491702],[416919,492863],[416302,492180],[416032,492479],[415378,492194],[414770,492529],[414769,492528]]]]}},{"type":"Feature","id":"415","properties":{"id":"415","name":"Steyr-Land"},"geometry":{"type":"MultiPolygon","coordinates":[[[[470591,455544],[470508,454251],[469814,453079],[469249,453031],[468823,452639],[468616,452899],[467877,452796],[467781,453146],[467468,453196],[466610,453063],[466202,452658],[465735,453053],[465481,452691],[465032,453432],[464691,453150],[464025,454316],[464351,454762],[463816,454786],[463709,455534],[463115,455740],[463177,455966],[462139,456023],[462411,456855],[462843,457042],[463065,457571],[462842,457495],[462263,458100],[461640,458078],[461606,458863],[462853,458521],[462522,458877],[462508,459362],[462655,459733],[463461,460337],[463027,460571],[463590,460795],[463451,460930],[464038,461413],[464035,461947],[463252,462025],[463299,461791],[462430,461285],[462296,460887],[461100,461490],[460915,462318],[461724,462533],[462190,462919],[463060,462804],[463165,463274],[463846,464018],[463820,464303],[464437,464263],[464697,464832],[464514,465005],[464805,465089],[464810,465318],[465274,465029],[465378,464377],[465547,464839],[466275,465191],[466470,465046],[466507,465450],[466820,465468],[466853,465781],[467613,465621],[467886,465941],[468050,465846],[468505,466677],[468230,467674],[469028,467834],[468942,467530],[469814,467826],[469863,467478],[470626,467409],[470726,468534],[471096,468456],[471392,468884],[471510,468676],[471705,468800],[472289,468416],[472441,468553],[473568,468109],[473748,468964],[474113,468761],[474266,468908],[474755,469681],[474555,469809],[474745,470097],[475338,470077],[475917,470786],[476647,471178],[477515,470313],[477891,470399],[478639,471263],[479119,470946],[479203,470457],[479333,470678],[479456,470116],[479907,470286],[480525,469978],[480679,470285],[481187,470095],[481110,469529],[480596,469727],[480516,469061],[480627,468654],[480905,468642],[481306,468129],[482313,468554],[482977,468495],[483045,468713],[483734,468265],[484395,468327],[484787,467757],[485317,467957],[484457,467216],[483809,466094],[483511,466007],[483152,465058],[482072,465112],[481162,464268],[480499,464380],[480374,464684],[480058,464569],[479764,464017],[479409,464078],[479174,463458],[477966,462480],[477801,461285],[478136,460093],[479086,460152],[479398,459766],[479718,459805],[479819,459569],[480018,459703],[480828,458813],[481068,459256],[481816,459463],[482132,460066],[482602,460033],[483230,460382],[483244,461249],[483922,460988],[484021,460742],[484785,460479],[484615,460005],[485113,459513],[485035,459255],[486109,457630],[486484,457481],[486584,456057],[487395,455580],[489475,455206],[491151,454341],[491601,453591],[492278,453471],[493527,452762],[494022,451895],[495227,450769],[496303,450572],[496594,450125],[498183,450177],[498470,449880],[499558,449720],[499942,449234],[500252,449292],[500931,448698],[502436,448261],[502814,448954],[504219,449334],[504336,448157],[505419,447410],[507617,443621],[506608,441932],[504913,441427],[503049,439939],[503145,439441],[503938,439201],[504187,438900],[503923,438665],[504043,437906],[503101,436883],[503220,436024],[504775,434795],[504757,434240],[503309,433212],[504222,430649],[505172,429780],[505961,429462],[505406,428630],[504112,429377],[503595,429950],[502945,429934],[502239,430493],[500357,427758],[498941,427389],[498581,426532],[498620,425972],[497648,426246],[497392,426001],[497092,426389],[496266,426490],[495821,426211],[495346,426171],[495298,426364],[494727,425691],[494463,425700],[494096,425081],[493633,424942],[492895,424837],[491362,425124],[490342,424506],[489957,424499],[489368,423764],[489165,423391],[489685,422477],[488911,420943],[487759,420520],[486763,420932],[486621,421145],[486954,421665],[486804,421903],[486973,422258],[486314,422810],[486204,423271],[484990,423692],[485025,424370],[484585,424877],[486147,425262],[486301,425756],[486061,426055],[486515,426460],[486739,427086],[486460,427710],[486742,428201],[485908,428747],[485979,429266],[485197,430175],[485145,430771],[482927,432026],[482876,432562],[483192,433165],[482942,433465],[481591,432959],[481406,433098],[481387,433804],[481002,433866],[481084,434045],[480493,434501],[480343,435861],[479262,436394],[479537,437397],[479972,437924],[479702,438555],[480379,439726],[480009,440426],[480774,441864],[480781,442867],[479409,443135],[479240,443638],[478324,443568],[478081,444332],[477479,444209],[476824,445590],[474860,445374],[474489,445647],[473826,445413],[471711,445929],[471943,446823],[471695,447260],[472299,447399],[472790,447805],[472941,448267],[472118,448909],[471811,449807],[472560,450402],[472451,450988],[472767,451434],[472686,452061],[473513,452111],[473085,452481],[472527,453969],[471749,454555],[472136,455651],[471797,456408],[470594,455570],[470591,455544]]]]}},{"type":"Feature","id":"416","properties":{"id":"416","name":"Urfahr-Umgebung"},"geometry":{"type":"MultiPolygon","coordinates":[[[[464282,491937],[463759,492666],[463104,492863],[462116,492352],[462047,491673],[461302,491340],[461293,491037],[460223,490980],[460286,491524],[458951,490491],[457927,490309],[456513,490942],[454529,491343],[452231,492554],[451323,493530],[451055,494270],[451682,497346],[453049,498026],[452902,498772],[453396,498848],[453530,499087],[453153,500255],[453567,500573],[454636,499993],[455326,500342],[455437,500794],[455039,501806],[456169,502706],[456205,503739],[456622,503842],[457071,504546],[456898,505147],[457095,505341],[458087,504965],[458374,505632],[458923,504455],[459326,504314],[459858,503332],[460404,503713],[460540,504437],[461087,504802],[460904,505021],[461170,506052],[461680,506445],[462256,506429],[462659,506829],[462379,507277],[462538,508089],[461989,509514],[462199,510290],[461795,510977],[462494,511963],[462750,511786],[462659,511500],[462978,511433],[463180,510767],[463937,510921],[463863,511215],[464345,512118],[464102,512145],[464204,512410],[463370,513354],[463901,514782],[463303,515044],[463328,515525],[462903,515152],[462899,514872],[461889,515157],[461729,515594],[462460,515820],[461933,516035],[462176,516616],[461960,517199],[461621,516420],[461179,516345],[461016,516669],[461360,517525],[461052,517695],[461142,517927],[460851,518337],[460815,518636],[461017,518643],[460843,519013],[461273,519783],[460984,520052],[461622,520210],[461705,520987],[461295,521462],[462322,521681],[462645,521997],[466069,521068],[466991,520238],[467556,520296],[468114,520689],[469272,520678],[469820,519891],[471064,519221],[472525,518717],[473190,518822],[473409,517694],[473865,517448],[474558,517791],[474948,518582],[475311,518644],[475255,519366],[475635,520011],[476236,520151],[476440,519486],[477267,519434],[477882,519733],[478285,520361],[478382,519923],[478972,519659],[478906,518403],[479269,517362],[480037,517224],[480184,516820],[480503,516767],[480554,516395],[481488,516488],[481552,515574],[480592,515750],[480247,516246],[479823,516273],[480306,516372],[480008,516606],[479665,516520],[479642,516293],[479019,516488],[478705,516263],[478536,515544],[478098,515033],[477882,515967],[477637,515954],[477661,515447],[476854,515596],[476679,515184],[477296,514285],[476982,514196],[476979,513955],[477351,513422],[476771,513465],[476659,512922],[477581,511846],[477594,511587],[477114,511575],[477261,510933],[477853,510974],[477764,510679],[478985,509576],[478874,509132],[479540,508501],[478972,508350],[478848,507947],[479616,506141],[480014,505874],[479773,505536],[479734,504326],[480685,503892],[480650,504120],[480988,504040],[481247,502827],[481561,502576],[481433,502234],[481665,502008],[482174,502022],[482347,501732],[482744,501803],[483073,500925],[483937,500254],[483720,499780],[483999,499158],[483898,498397],[483147,498430],[483038,497950],[482298,497630],[482481,496908],[481701,497158],[481450,496780],[481866,496441],[482092,495790],[483648,495332],[483482,495040],[483759,494353],[484917,492764],[484568,492937],[484009,492655],[483913,492446],[484250,492199],[483794,491565],[483698,490969],[484562,490679],[484587,490937],[484882,491030],[485420,490915],[485002,490288],[485262,489900],[482533,489066],[481635,489839],[480357,489995],[480529,489345],[480998,489221],[480424,489142],[479714,488546],[480022,487450],[479706,487252],[479854,487016],[479510,486916],[479779,486207],[479532,485771],[479684,484962],[479514,484753],[477881,486020],[476246,486554],[475072,487662],[474253,490438],[472821,491852],[472908,492172],[474431,491910],[474779,492290],[475224,492067],[475191,492215],[476185,492327],[475959,492657],[475272,492561],[474646,492914],[474718,493157],[474357,493456],[475303,493951],[475309,494252],[475059,494460],[474262,494411],[473800,495326],[473164,495244],[472565,495754],[471980,495568],[471950,495871],[471345,495490],[471154,496356],[471384,496804],[471067,496748],[471067,497101],[471381,497366],[471309,498168],[470959,497892],[470938,496294],[470325,496087],[470522,495871],[469972,494659],[469601,494566],[469616,494227],[469185,494304],[469088,493960],[468400,494006],[468812,492920],[468368,493077],[468573,492463],[468317,491470],[468696,490946],[468692,490514],[468327,490678],[468375,490421],[466522,490272],[465634,490636],[464358,491881],[464282,491937]]]]}},{"type":"Feature","id":"417","properties":{"id":"417","name":"Vöcklabruck"},"geometry":{"type":"MultiPolygon","coordinates":[[[[414733,433090],[413361,433078],[413068,432365],[412454,432216],[412168,432523],[411807,432208],[411380,432587],[411196,433618],[410946,433468],[410075,433853],[408892,433875],[407513,433402],[406931,433527],[405587,433223],[405196,433370],[404250,432766],[404100,433051],[403163,433380],[402478,434021],[401377,434507],[401156,434948],[398475,434828],[398282,435778],[396792,436112],[396787,436594],[396541,436789],[396677,438126],[396380,438087],[396366,438320],[396935,438794],[396622,439578],[397237,439737],[397065,440504],[396454,441493],[395763,441967],[395808,442688],[395436,443001],[395331,443566],[395921,443821],[396160,444209],[396021,445287],[396251,446108],[395890,446807],[396249,446991],[396195,447413],[396470,447651],[396135,449360],[395937,449466],[395931,450045],[396243,450444],[396097,450600],[396814,451236],[398132,451633],[398549,450938],[399818,450745],[400557,450363],[400398,449816],[400567,449354],[401012,449478],[401917,448925],[401982,449301],[402282,449417],[402109,450694],[402583,450957],[402440,451242],[403051,451832],[402781,452447],[402978,452612],[402868,453092],[401646,453181],[400996,453793],[399855,454229],[399495,454732],[399187,454555],[399159,454789],[397658,455117],[397443,455910],[397896,456031],[397782,456409],[398103,456734],[398461,456758],[398091,457047],[398315,457485],[398082,457795],[398351,457814],[398454,458167],[398758,457824],[399208,458467],[399027,458976],[398296,458508],[397435,458404],[397522,459244],[398265,460477],[399146,461182],[399105,461586],[399431,461975],[399399,462474],[399814,463341],[400990,463340],[401343,461377],[401500,461773],[401982,461344],[403448,462039],[404162,461736],[403766,461323],[404273,461574],[404528,462916],[404370,463476],[404687,463768],[404541,464054],[404700,464383],[405391,465062],[406210,464925],[406725,465144],[406741,465904],[408937,467468],[410602,467421],[411651,467783],[412276,467534],[412976,468134],[413494,468192],[413609,468504],[414435,468356],[414854,468798],[415334,468630],[416295,468976],[416411,468533],[416931,468342],[417912,468767],[418576,468438],[419172,469360],[420180,469453],[420451,469794],[420401,470415],[421756,470470],[422317,470111],[423480,470507],[424054,469877],[424680,469676],[424770,469893],[425708,469991],[425865,470422],[426243,469271],[426982,469140],[428427,469633],[429798,468344],[430844,467988],[431002,468085],[430878,468427],[431469,468871],[431505,468190],[431776,468196],[432029,467781],[433294,467732],[433858,467099],[434511,467204],[434904,466774],[434976,465164],[435424,465241],[435694,464609],[436220,464736],[436510,464336],[437044,464241],[437014,463734],[437214,463640],[436363,462741],[436659,462376],[436483,461741],[437512,460930],[437423,460730],[437243,460408],[436457,460040],[436345,458971],[435681,458730],[434540,457100],[434477,455312],[433697,455518],[433012,456185],[432552,455450],[432524,454084],[430816,453854],[430395,453561],[430497,452220],[431068,451342],[430415,450750],[430577,450516],[430277,449602],[430607,449228],[430115,449143],[429557,448618],[429698,448420],[428534,448157],[427769,447479],[427426,446880],[427508,446396],[426850,446184],[427013,445341],[426159,445704],[425330,445759],[425131,445557],[424668,444681],[424865,444197],[424078,443533],[424730,442195],[424293,441386],[423882,441092],[422418,441006],[422054,439377],[421331,439290],[421659,438540],[421215,438057],[421361,437764],[420560,436898],[420478,436397],[420667,436089],[421141,436247],[421832,436009],[423105,435113],[422103,434586],[421790,434090],[421214,432531],[420650,431973],[420464,430453],[419722,429860],[419363,429977],[418335,429132],[417165,429448],[416706,430145],[416712,430670],[415968,430973],[415203,430749],[415441,431459],[414893,432505],[414553,432667],[414734,433090],[414733,433090]]]]}},{"type":"Feature","id":"418","properties":{"id":"418","name":"Wels-Land"},"geometry":{"type":"MultiPolygon","coordinates":[[[[443965,459081],[443980,458895],[443320,459054],[442783,458858],[442887,458060],[441509,458308],[440984,457370],[440550,458338],[439949,458746],[440094,459018],[439748,459263],[440529,459800],[440101,459821],[439852,460321],[439178,460104],[439462,460394],[438922,461167],[438714,460923],[438471,461275],[438643,461322],[438539,461807],[437712,461692],[438069,461347],[437512,460930],[436483,461741],[436659,462376],[436363,462741],[437214,463640],[437014,463734],[437044,464241],[436510,464336],[436220,464736],[435694,464609],[435424,465241],[434976,465164],[434904,466774],[434511,467204],[433858,467099],[433294,467732],[432029,467781],[431776,468196],[431505,468190],[431623,468522],[431348,468850],[431629,469369],[431971,469392],[432244,469847],[432772,469842],[432851,470632],[433248,470856],[432697,471657],[433610,471807],[433352,472176],[434176,472356],[433766,472769],[434076,472957],[434485,472549],[434289,472371],[435090,472008],[434764,472482],[435533,473216],[435990,473190],[435893,473431],[436394,474386],[436175,474883],[436447,475344],[437120,474731],[437257,474223],[438916,474134],[439472,473753],[440212,473999],[439911,474461],[439990,474806],[441105,475222],[440963,475736],[439624,476348],[439427,476713],[438991,476768],[438645,477231],[438761,477565],[438507,477406],[437869,477694],[438165,477888],[437935,478097],[437938,478586],[439418,478578],[439935,478986],[441369,478790],[441625,479315],[442857,479650],[442835,480072],[443295,480355],[444246,479608],[444498,479686],[445261,479269],[445318,479047],[445400,479272],[445964,479317],[446154,480100],[446421,480173],[446744,479691],[446797,480073],[447332,480154],[447450,480548],[449229,480028],[449149,480506],[449576,481113],[449378,481361],[449163,481279],[449306,481832],[448925,482311],[449719,482644],[450859,482696],[451305,483535],[451648,483399],[452052,483571],[452512,483139],[453318,483066],[453916,483557],[453935,483869],[454406,483527],[455235,483406],[455685,483585],[455974,484168],[456597,484305],[457116,483551],[457622,483296],[456628,482878],[456403,481856],[456812,481495],[457209,481484],[457456,481048],[457981,481124],[457949,480360],[461032,480428],[461276,478561],[460843,477570],[461196,476319],[461730,476277],[461550,475919],[461906,476010],[462316,475409],[462357,474909],[462283,474720],[461930,474958],[461695,474706],[461670,474264],[460712,473348],[460643,472681],[460178,472764],[460124,472480],[459329,472385],[459022,470738],[458671,470607],[458403,469719],[459014,469263],[461054,468887],[461624,468468],[460580,467863],[459533,466768],[459279,465746],[458966,465817],[459078,466366],[458504,466360],[458251,465964],[458468,465856],[457626,464702],[457767,464559],[457487,464429],[456903,464736],[456652,464559],[456235,463885],[456553,463216],[456300,462991],[456482,462721],[456123,462420],[456298,462182],[455738,461762],[455164,461529],[454790,461965],[454417,461486],[454038,462054],[453244,462003],[452824,461656],[452558,461827],[452629,461381],[452373,460913],[452492,459995],[452162,459783],[452355,459504],[452129,459032],[452219,458253],[451720,457854],[451507,457321],[451020,457512],[450658,456872],[450053,456665],[450009,456329],[448843,456127],[448047,456967],[448055,457396],[447081,457742],[447319,458109],[447178,458514],[446762,458305],[446661,458723],[445890,459322],[444614,458677],[443961,459087],[443965,459081]],[[447536,473088],[447202,472697],[447676,472188],[447093,471707],[447150,471163],[447601,471129],[447138,470101],[447534,469811],[448157,471132],[449109,471305],[452316,473213],[453663,473363],[456287,474971],[456374,475439],[456208,475665],[455902,475498],[455785,475864],[455612,475756],[455373,476064],[455546,476592],[454828,477479],[455031,477719],[454901,478004],[453437,477702],[453127,479053],[452100,479355],[451821,478907],[450982,479050],[450811,478364],[449333,478679],[449039,477786],[448646,477788],[448532,477536],[449168,477403],[449010,476965],[448404,476671],[447761,476651],[447394,476896],[446908,476146],[447537,475653],[447202,475383],[447451,475106],[447146,474748],[447589,474404],[447618,474089],[448070,473869],[447539,473087],[447536,473088]]]]}},{"type":"Feature","id":"501","properties":{"id":"501","name":"Salzburg(Stadt)"},"geometry":{"type":"MultiPolygon","coordinates":[[[[377341,428431],[376837,428521],[376526,428050],[376244,428029],[375078,429328],[375478,430774],[374755,432242],[374015,432973],[375562,435648],[374291,437012],[375358,438187],[375224,439501],[376004,438505],[376307,438780],[376638,438525],[376518,438086],[376791,437628],[377754,436732],[379339,437129],[379583,437465],[379507,438207],[379913,437954],[380049,437463],[381161,437414],[381213,436754],[381715,436476],[381139,435730],[381594,435210],[381743,434517],[382276,434882],[382731,434774],[382827,434297],[383318,433882],[383480,434040],[384277,433832],[384645,433503],[384452,433599],[383852,433151],[383754,431945],[383353,431290],[382158,431022],[381865,431177],[381618,430396],[380698,430219],[381000,428437],[380385,428027],[379528,429216],[377827,428615],[377425,428203],[377343,428430],[377341,428431]]]]}},{"type":"Feature","id":"502","properties":{"id":"502","name":"Hallein"},"geometry":{"type":"MultiPolygon","coordinates":[[[[387522,406069],[386289,405366],[385587,404216],[384379,403715],[384894,402657],[384794,402284],[384124,402511],[383886,403211],[382412,401877],[379834,402328],[378566,402176],[378442,402752],[377294,403722],[377769,404863],[379168,406468],[379306,407003],[378797,407159],[378194,408293],[378272,409364],[380304,409760],[380340,410278],[379868,410705],[379704,411370],[380223,411742],[380388,412379],[381064,413311],[382217,414312],[382447,415108],[381668,416662],[381744,417232],[380880,418688],[381100,420877],[379706,421908],[378654,423342],[378255,425023],[379382,424888],[380316,425589],[381277,425791],[381147,427153],[381490,426815],[381440,427241],[381859,427142],[381645,427471],[381761,427741],[382036,427812],[382539,427480],[382717,427649],[383004,427298],[384045,427108],[384610,427813],[385374,427950],[385822,428643],[386447,428916],[388195,428209],[388781,429311],[388474,429554],[388695,429791],[389696,429613],[389946,427916],[391410,426406],[391623,425243],[392139,425101],[392543,425317],[393365,424776],[393340,423996],[393942,423349],[394266,421274],[395511,421092],[395766,420575],[397471,419470],[398986,419545],[399707,419962],[401109,419142],[402305,419306],[403057,418535],[403648,418726],[404760,418293],[405205,417561],[405693,418059],[407367,418136],[407509,417480],[407202,417464],[407557,416882],[408036,416827],[408001,415715],[408471,415154],[409738,414910],[409830,414382],[410785,413956],[411097,413948],[411977,414611],[412983,414409],[413564,414817],[413962,414370],[414332,413226],[413060,411270],[412985,409184],[411910,408631],[410962,407640],[411450,405940],[410746,404860],[410851,403437],[411200,402602],[411623,402249],[411857,401543],[412756,401373],[413620,400411],[413827,399685],[413559,399596],[413375,398943],[412671,398195],[411936,398226],[411761,397972],[411249,397931],[411361,397276],[410389,396683],[408300,396045],[407777,395439],[407114,395798],[406701,395746],[406245,396412],[405811,396591],[405622,397210],[404621,398189],[405071,399356],[404141,399540],[404107,400345],[402416,402351],[401928,402361],[400983,401454],[399789,401171],[398182,401160],[397066,401684],[395451,403871],[392617,403397],[391892,403883],[391429,404892],[390875,405377],[389727,405287],[388904,406265],[387930,405438],[387547,406068],[387522,406069]]]]}},{"type":"Feature","id":"503","properties":{"id":"503","name":"Salzburg-Umgebung"},"geometry":{"type":"MultiPolygon","coordinates":[[[[368410,424563],[367952,424981],[367903,425428],[368362,425879],[368936,427104],[370211,427624],[370422,428796],[370212,428803],[370941,429519],[370752,430251],[370193,430166],[370196,430398],[369739,430100],[369784,430434],[370551,431059],[370557,431806],[371120,431961],[372404,433457],[374290,437012],[375562,435648],[374015,432973],[374755,432242],[375478,430774],[375076,429332],[376244,428029],[376526,428050],[376837,428521],[377355,428435],[377425,428203],[377827,428615],[379528,429216],[380393,428025],[381000,428437],[380698,430219],[381618,430396],[381865,431177],[382158,431022],[383353,431290],[383754,431945],[383852,433151],[384452,433599],[384645,433503],[384277,433832],[383480,434040],[383318,433882],[382827,434297],[382731,434774],[382276,434882],[381743,434517],[381594,435210],[381139,435730],[381715,436476],[381213,436754],[381161,437414],[380049,437463],[379643,438201],[379465,438183],[379650,437998],[379569,437434],[378990,436925],[377754,436732],[376989,437371],[376518,438086],[376638,438525],[376307,438780],[376004,438505],[374092,441336],[372509,444911],[370952,447475],[370537,449415],[370366,449478],[370059,449019],[369361,448984],[369138,449298],[369244,450311],[369052,450671],[368455,450981],[366354,451286],[365691,451806],[365364,452515],[364757,455368],[365998,455357],[367139,454731],[367549,456302],[367894,456449],[368508,458155],[369340,458332],[370320,459574],[371400,459806],[371493,459499],[371683,459637],[372330,459341],[373061,458355],[373518,458311],[374265,458834],[375545,458998],[375960,459384],[375920,459634],[376319,459796],[376768,459307],[377369,459291],[378352,460283],[378729,460116],[378829,459533],[378492,458799],[379584,458970],[379357,458520],[379919,457787],[379730,457774],[379497,457147],[379912,457433],[380649,457425],[381001,456898],[380668,456436],[380794,456114],[381004,456235],[381468,455936],[381521,456259],[381715,455933],[381888,456060],[381876,455576],[382204,455196],[382763,455441],[383648,454971],[384458,455229],[384238,454450],[384905,454353],[386355,455075],[386452,454757],[386042,454150],[385638,453978],[385766,453211],[386143,453093],[385941,452979],[386211,452674],[386092,452316],[387584,452972],[387917,452696],[390007,452770],[390292,453174],[390978,453373],[390978,453685],[391296,453564],[391777,453766],[392010,454328],[392638,454281],[393295,454745],[393667,454492],[393921,454814],[394360,454657],[395645,455380],[396259,455296],[396149,456187],[396658,456697],[397214,456441],[397336,456816],[397889,456556],[397896,456031],[397443,455910],[397658,455117],[399159,454789],[399187,454555],[399495,454732],[399855,454229],[400996,453793],[401646,453181],[402910,453059],[402978,452612],[402781,452447],[403051,451832],[402440,451242],[402583,450957],[402109,450694],[402282,449417],[401982,449301],[401917,448925],[401012,449478],[400567,449354],[400398,449816],[400557,450363],[399818,450745],[398549,450938],[398132,451633],[396814,451236],[396097,450600],[396243,450444],[395931,450045],[395937,449466],[396135,449360],[396470,447651],[396195,447413],[396249,446991],[395890,446807],[396251,446108],[396021,445287],[396160,444209],[395921,443821],[395331,443566],[395436,443001],[395808,442688],[395763,441967],[396454,441493],[397065,440504],[397237,439737],[396622,439578],[396935,438794],[396366,438320],[396380,438087],[396677,438126],[396541,436789],[396787,436594],[396792,436112],[398282,435778],[398475,434828],[401156,434948],[401377,434507],[402478,434021],[403163,433380],[404100,433051],[404250,432766],[405196,433370],[405587,433223],[406931,433527],[407513,433402],[408892,433875],[410075,433853],[410946,433468],[411196,433618],[411380,432587],[411807,432208],[412168,432523],[412454,432216],[413068,432365],[413361,433078],[414747,433089],[414553,432667],[414893,432505],[415441,431459],[415195,430768],[413750,430314],[411536,431430],[410922,431440],[409941,431870],[409380,430957],[408522,430296],[408289,429163],[408428,428842],[407775,426576],[410801,424985],[413004,424683],[413001,424284],[414148,424376],[416374,423878],[416037,422624],[415236,421783],[415016,420386],[413840,419583],[413285,419695],[412487,418713],[412601,417732],[411802,416346],[411871,416066],[411381,415800],[411817,414554],[411097,413948],[409968,414257],[409738,414910],[408537,415119],[408055,415619],[408036,416827],[407557,416882],[407202,417464],[407509,417480],[407367,418136],[405693,418059],[405205,417561],[404760,418293],[403648,418726],[403057,418535],[402305,419306],[401109,419142],[399707,419962],[398986,419545],[397471,419470],[395766,420575],[395511,421092],[394266,421274],[393942,423349],[393340,423996],[393365,424776],[392543,425317],[392139,425101],[391623,425243],[391410,426406],[389946,427916],[389951,428847],[389522,429753],[388517,429633],[388781,429311],[388195,428209],[386447,428916],[385822,428643],[385374,427950],[384610,427813],[384045,427108],[383004,427298],[382717,427649],[382539,427480],[382036,427812],[381761,427741],[381645,427471],[381859,427142],[381440,427241],[381490,426815],[381147,427153],[381277,425791],[380316,425589],[379382,424888],[378297,425095],[378498,423739],[377565,424163],[377211,424093],[376432,424878],[375846,424886],[375224,423827],[374674,423795],[374089,423169],[373004,423149],[372252,423408],[371715,423223],[371035,423713],[370038,423426],[369417,423513],[369277,423908],[368411,424561],[368410,424563]]]]}},{"type":"Feature","id":"504","properties":{"id":"504","name":"St. Johann im Pongau"},"geometry":{"type":"MultiPolygon","coordinates":[[[[393127,352261],[393387,352033],[393581,350112],[391043,349393],[387739,349140],[386548,348447],[384847,348376],[384371,347515],[384118,347463],[382376,347301],[381535,347600],[380827,347499],[380782,346776],[380266,346012],[376233,347890],[376342,348907],[374965,349418],[374771,349973],[374936,350526],[375940,351863],[377616,352793],[376901,352915],[376693,353586],[376760,354000],[377630,354585],[377040,355418],[376777,356921],[377061,357877],[376334,359288],[376259,360129],[376479,360943],[376811,360973],[377332,361516],[377188,363050],[377638,364133],[377563,365502],[378055,365801],[378074,366721],[378742,367595],[378431,368241],[378527,370148],[378870,370575],[378684,371071],[377882,371715],[378484,374616],[378698,375193],[379750,375592],[380612,376446],[379448,376765],[379270,377291],[379710,377543],[379663,377761],[379254,377731],[378911,378080],[378568,377897],[377714,378350],[377585,378202],[377397,379005],[376996,379274],[376799,379776],[377167,381133],[377860,381512],[378254,381446],[378079,381747],[377599,381788],[377668,382300],[377451,382607],[378349,383064],[379157,384392],[379446,383964],[379874,384407],[379378,384896],[379423,385269],[378790,385507],[378326,385405],[378118,385785],[378357,386258],[378212,386719],[378500,387072],[378476,388377],[379239,389709],[378818,390578],[378916,391232],[378235,391520],[377230,392436],[376964,393909],[375668,395440],[376636,396912],[376282,397284],[376907,398202],[376915,398571],[378102,398849],[378535,399227],[378473,401739],[378217,402315],[378875,402149],[379834,402328],[382028,401814],[382412,401877],[383886,403211],[384124,402511],[384794,402284],[384894,402657],[384379,403715],[385587,404216],[386289,405366],[387497,406070],[387930,405438],[388904,406265],[389727,405287],[390875,405377],[391429,404892],[391892,403883],[392617,403397],[395451,403871],[397066,401684],[398182,401160],[399789,401171],[400983,401454],[401928,402361],[402416,402351],[404107,400345],[404141,399540],[405071,399356],[404621,398189],[406701,395746],[407114,395798],[407777,395439],[408300,396045],[410686,396819],[411361,397276],[411249,397931],[411761,397972],[411936,398226],[412671,398195],[413375,398943],[413559,399596],[413827,399685],[414241,399426],[415194,399513],[415634,399088],[417753,398139],[419070,397287],[419542,396582],[419603,395706],[418389,393187],[418201,391974],[417405,391243],[417498,390353],[418205,389612],[418079,388231],[418807,387013],[419108,384633],[419403,384414],[420467,381209],[419873,379510],[420019,379160],[420427,379071],[420383,378023],[420045,377142],[420823,376019],[420768,375664],[419278,374270],[418722,374061],[418660,372959],[417578,372613],[416683,371241],[414956,371065],[414518,370456],[413599,370179],[413445,369913],[412861,370283],[411845,369681],[411504,369881],[411018,369510],[410550,369621],[409704,368702],[409240,368657],[408170,369066],[407343,368912],[406584,368439],[405930,368586],[405629,367746],[404808,367420],[403781,367622],[402976,368547],[402924,368257],[402119,367853],[401740,367430],[401562,366415],[400908,366198],[400004,365181],[400164,363681],[398876,362157],[399768,360619],[400292,360336],[400021,358245],[400853,356873],[401189,356689],[401662,355280],[399999,355113],[398288,354057],[397518,354242],[396773,354979],[395802,355064],[393714,354217],[393010,352363],[393127,352261]]]]}},{"type":"Feature","id":"505","properties":{"id":"505","name":"Tamsweg"},"geometry":{"type":"MultiPolygon","coordinates":[[[[426867,348974],[426040,349132],[425561,348898],[424755,349153],[424037,348889],[423632,349203],[423167,350700],[421497,351100],[420353,350618],[419870,350740],[418570,350340],[417172,350733],[414346,352119],[412946,352290],[412851,352490],[409507,353422],[408091,353152],[407208,353536],[406433,353111],[405604,352189],[404979,352320],[403753,353413],[403611,354783],[402315,355464],[401662,355280],[401189,356689],[400853,356873],[400031,358215],[400300,360314],[399768,360619],[398876,362157],[400164,363681],[400004,365181],[400908,366198],[401562,366415],[401740,367430],[402924,368257],[402976,368547],[403781,367622],[404780,367414],[405629,367746],[405930,368586],[406584,368439],[407343,368912],[408170,369066],[409240,368657],[409704,368702],[410550,369621],[411018,369510],[411504,369881],[411845,369681],[412861,370283],[413445,369913],[413599,370179],[414518,370456],[414956,371065],[416683,371241],[417578,372613],[418660,372959],[418722,374061],[419278,374270],[420607,375429],[420823,376019],[421886,375994],[422605,374982],[424116,375286],[425456,374765],[425886,375060],[426468,374442],[427462,374010],[427481,373456],[428695,373397],[428841,374585],[429703,375487],[431397,375446],[432381,374168],[434138,375176],[434679,375867],[434537,376709],[435162,376531],[435684,377126],[436637,377519],[437094,377296],[437257,377190],[437129,376499],[437400,376056],[437119,375521],[437414,375081],[436970,374629],[437145,374278],[438741,373630],[440225,372649],[440532,371415],[439177,370139],[441647,367337],[443223,366288],[442551,365252],[442914,364938],[443666,365279],[444170,364622],[444309,363565],[444745,363746],[446977,362932],[447594,362403],[448165,361414],[450121,360487],[449980,359889],[450322,359461],[449656,358673],[448540,358794],[447584,358429],[447128,358600],[446348,359846],[446023,359826],[445126,359075],[444686,359035],[444092,358405],[443730,358436],[442901,357284],[442473,357337],[441623,356633],[441772,356295],[441420,355786],[441392,355158],[442015,354789],[442278,354082],[443597,352439],[443375,351667],[442376,350624],[441729,348937],[440382,346841],[440466,344216],[438962,343398],[438743,342386],[438033,341721],[437979,340768],[437658,340353],[436858,339934],[436557,339245],[435447,339067],[434871,338451],[434099,338401],[433711,338831],[433620,339319],[433891,339851],[433553,340370],[433401,342034],[433034,342433],[432396,342606],[432378,343372],[431378,343893],[430502,343370],[429633,343589],[428401,344094],[428093,344766],[427448,345230],[426966,347784],[427573,348256],[427562,348579],[427405,349019],[426889,348973],[426867,348974]]]]}},{"type":"Feature","id":"506","properties":{"id":"506","name":"Zell am See"},"geometry":{"type":"MultiPolygon","coordinates":[[[[315925,379710],[316659,379762],[316780,379033],[317195,378578],[317991,378753],[318520,379283],[319223,378634],[321348,380860],[321725,381978],[323251,381631],[323397,381189],[324639,381486],[325156,380729],[326455,380278],[327587,379536],[328653,379902],[330293,379759],[330906,380632],[332695,381398],[334799,380837],[335446,381121],[336121,382352],[336735,382331],[337005,383635],[336744,383556],[336072,384009],[336210,384786],[335542,385407],[335576,386074],[335836,386843],[337000,387220],[337625,388625],[338946,388232],[340383,388678],[340588,389029],[341902,389183],[342036,388653],[343096,388388],[343834,389066],[344163,389935],[344516,390087],[344816,390670],[345834,391107],[346238,391056],[346787,392499],[347586,393245],[347617,394664],[347246,394921],[347152,396358],[348158,396754],[349703,396364],[350322,396617],[351134,397411],[352304,397796],[352074,398289],[352130,398936],[350247,400239],[350051,401188],[349734,400950],[349424,401467],[348936,404370],[348236,404560],[346995,405807],[348013,406349],[348787,407607],[348808,408036],[349913,409022],[348870,410190],[347985,410662],[343019,412007],[342692,413265],[343693,416706],[344766,418784],[345600,419632],[346269,419473],[347261,419885],[347914,419302],[348430,419578],[348627,419194],[349125,419408],[349305,419848],[349974,420396],[350883,420545],[352205,420509],[352574,420223],[352903,420382],[353659,419837],[354931,420203],[355946,419701],[356798,418340],[357260,418782],[357916,418620],[358606,419525],[358822,419273],[358392,418092],[357575,417489],[357051,417440],[356891,417064],[358550,414955],[359215,415009],[361813,412644],[361690,412368],[360970,412635],[360525,412447],[359428,411379],[359306,411078],[359607,410555],[359018,410061],[358380,409007],[358757,407859],[359361,407437],[359502,406537],[360472,405570],[361255,405178],[363509,405285],[363685,403854],[364194,403182],[364672,403284],[364962,402830],[365975,402588],[366320,402212],[366256,401574],[368071,399808],[371374,397815],[372871,397259],[372944,398264],[373285,398418],[374140,397623],[374548,397739],[374439,396971],[375209,396043],[376284,397292],[376636,396912],[375668,395440],[376964,393909],[377230,392436],[378235,391520],[378916,391232],[378818,390578],[379239,389709],[378476,388377],[378500,387072],[378212,386719],[378357,386258],[378118,385785],[378326,385405],[378790,385507],[379423,385269],[379378,384896],[379874,384407],[379446,383964],[379157,384392],[378349,383064],[377451,382607],[377668,382300],[377599,381788],[378079,381747],[378254,381446],[377860,381512],[377167,381133],[376795,379795],[376996,379274],[377397,379005],[377585,378202],[377714,378350],[378568,377897],[378911,378080],[379254,377731],[379663,377761],[379710,377543],[379270,377291],[379448,376765],[380612,376446],[379750,375592],[378698,375193],[378484,374616],[377882,371715],[378684,371071],[378870,370575],[378527,370148],[378431,368241],[378742,367595],[378074,366721],[378055,365801],[377563,365502],[377638,364133],[377188,363050],[377332,361516],[376811,360973],[376479,360943],[376259,360129],[376334,359288],[377061,357877],[376777,356921],[377040,355418],[377630,354585],[376760,354000],[376693,353586],[376901,352915],[377616,352793],[375940,351863],[374784,350262],[374965,349418],[374411,348840],[373613,348505],[373409,348816],[372057,348889],[371452,349362],[371163,350034],[371365,350584],[370424,351145],[369917,352691],[370003,353031],[369111,353454],[368625,353642],[366588,353618],[366029,353988],[364949,354180],[364099,353565],[363092,353626],[362357,353812],[361983,354693],[361441,354930],[361117,355472],[359941,355517],[359873,355240],[359193,354954],[358426,354911],[357514,355861],[356254,355512],[354939,355811],[354503,356266],[354707,357055],[354362,359225],[353004,358910],[352907,358568],[352308,358185],[351180,358508],[349910,358118],[349443,358358],[349489,357611],[349947,356846],[348714,355773],[347583,356240],[346611,357578],[345683,358240],[343839,358636],[343491,359439],[342832,359414],[341890,359894],[340851,358970],[340272,359116],[338976,360104],[338508,361551],[335633,362385],[335489,361669],[334255,360901],[333146,360840],[331918,361609],[331123,360872],[330631,360718],[329259,361898],[326495,360663],[326113,357934],[325111,357111],[323575,356927],[322638,356437],[322281,355355],[320394,355314],[318669,353134],[317092,352761],[316319,353549],[316065,354215],[312970,355375],[310336,353984],[309160,354157],[308359,355491],[308700,356904],[308372,357819],[307607,358741],[307423,360613],[306035,361459],[306038,363426],[305965,363838],[305517,364219],[305781,364911],[305248,366577],[305900,368265],[305617,369187],[306158,369677],[306876,371475],[307190,371547],[307543,372174],[306863,373867],[306086,374108],[304952,375222],[305404,376466],[306349,376985],[306510,377490],[307030,377869],[307082,378356],[307924,379271],[310127,377202],[310948,377793],[311109,378190],[311721,378357],[311701,378668],[313664,378616],[314145,378289],[314992,378684],[315617,379712],[315920,379708],[315925,379710]]]]}},{"type":"Feature","id":"601","properties":{"id":"601","name":"Graz(Stadt)"},"geometry":{"type":"MultiPolygon","coordinates":[[[[557663,348435],[556797,348384],[556322,348807],[555063,349078],[554751,349614],[554618,350969],[553985,352208],[554588,352141],[554687,353264],[555195,353823],[555052,354375],[555445,354297],[555475,354473],[555192,355268],[554829,355169],[554419,355446],[554855,356214],[554352,356315],[554129,357529],[553695,357870],[553142,357717],[553054,358314],[554066,358691],[553725,359765],[554751,359699],[554820,359904],[555241,358994],[556203,359098],[556783,360507],[556593,361273],[556838,361516],[557779,361285],[557731,361020],[558058,360678],[558514,360886],[558857,360591],[559664,360887],[560380,360736],[561712,361288],[562064,360869],[562800,360768],[563076,361121],[563580,361013],[563916,360857],[563996,360537],[564336,360921],[565520,361076],[566007,360170],[565603,359798],[565208,358806],[565685,358626],[566764,359108],[566402,358276],[566735,358323],[567058,357910],[566485,357788],[565386,356933],[565594,356695],[565496,355996],[565032,355205],[565249,354953],[565217,354314],[564965,354181],[564742,353206],[564377,352871],[564594,352592],[564594,351837],[565112,351299],[563480,350218],[563670,349655],[563360,349463],[563845,349052],[561757,348017],[561346,349075],[560959,348597],[560678,348695],[560740,348501],[560375,348360],[559954,348983],[557666,348436],[557663,348435]]]]}},{"type":"Feature","id":"603","properties":{"id":"603","name":"Deutschlandsberg"},"geometry":{"type":"MultiPolygon","coordinates":[[[[543289,306786],[542538,306929],[541489,307962],[540372,307692],[540171,308047],[539517,307848],[538696,308294],[538310,307901],[537871,307938],[537436,307172],[536884,307824],[536671,307574],[535866,308229],[535048,307438],[534322,307321],[533917,306551],[533324,307052],[532576,307289],[532432,308042],[531713,308250],[531329,308828],[531426,309271],[530210,308775],[529428,309186],[529291,309657],[529862,310114],[530106,313214],[530835,314212],[530685,315179],[530153,315707],[530427,316176],[530809,316244],[529780,317636],[529925,318100],[529419,319147],[529616,320313],[529348,320590],[527109,321260],[527034,321484],[526056,321559],[525467,321890],[525701,323694],[525845,324250],[526283,324649],[526455,326095],[526830,326666],[528184,327331],[528634,328569],[527803,329916],[527896,331517],[527671,332478],[528183,332623],[528379,332935],[529037,335857],[530885,336629],[532062,336495],[534060,336958],[535211,337929],[535766,338029],[535712,338636],[536236,339790],[536189,340565],[536881,341825],[540079,340580],[540507,340782],[540622,341228],[542222,341734],[542516,342044],[543144,341881],[543361,342156],[545328,342256],[545697,342806],[546000,342867],[546947,341980],[547865,341919],[548758,341521],[549246,340636],[549915,341026],[549709,341650],[550300,342259],[550785,343378],[551504,342672],[551777,342856],[552320,342588],[552669,341771],[553448,341490],[553491,340685],[552644,339593],[552800,339185],[553493,338080],[553663,338260],[553972,338107],[554059,338588],[554681,337312],[554965,337339],[555005,337065],[555388,337149],[554995,336599],[555589,336713],[555173,336254],[555879,336450],[555613,336063],[555753,335821],[556357,335892],[556974,333369],[557358,333647],[557749,332865],[558597,333028],[559022,332644],[559479,331615],[559897,331332],[559416,331295],[559405,330756],[559899,329839],[558676,328762],[558638,327673],[558367,327720],[557846,327039],[557953,326700],[558357,326814],[557505,326183],[557253,325754],[557250,324978],[556670,324530],[555431,324100],[555135,323553],[554542,323467],[553663,322892],[553842,321701],[553119,320948],[553433,320449],[553933,320493],[553947,320072],[554304,320228],[554517,320050],[554755,319019],[553018,318308],[552967,317910],[552630,317636],[553215,316964],[553292,316524],[553078,316024],[552584,315891],[553245,313962],[552310,313465],[552116,312978],[552354,312706],[552054,312245],[552239,312097],[551614,311609],[551698,311301],[550956,310375],[551517,309808],[551878,309794],[551604,309569],[551879,309478],[551800,308582],[551249,308241],[551158,307775],[550089,307754],[548841,306736],[547702,306830],[545679,306187],[544779,306616],[544311,306467],[543300,306783],[543289,306786]]]]}},{"type":"Feature","id":"606","properties":{"id":"606","name":"Graz-Umgebung"},"geometry":{"type":"MultiPolygon","coordinates":[[[[550508,345680],[550219,345817],[550332,346299],[550115,346308],[550048,346609],[549677,346559],[550141,346902],[549394,347242],[549236,348367],[548264,347230],[547622,347394],[547442,347992],[546869,348153],[547008,348678],[546418,349268],[546816,350238],[546601,351292],[546348,350574],[545880,350419],[546286,352274],[545857,352289],[545866,352450],[546337,353305],[545864,353574],[546015,353839],[545455,354413],[545167,355148],[544537,355133],[543936,355869],[543448,355860],[543076,355564],[542523,356095],[542279,356773],[542415,357092],[541921,357536],[541947,357858],[541575,358162],[541373,358768],[540714,359283],[540306,360351],[539581,360832],[539428,361738],[540236,363060],[539692,364179],[540302,364646],[540376,364977],[539627,366640],[539055,367434],[538541,367733],[538532,368646],[537392,368474],[537068,369122],[536455,369527],[534866,369041],[534413,369430],[533595,369373],[532213,369695],[531395,369267],[530263,369409],[529890,371147],[530813,371634],[531184,372739],[531914,372480],[532496,372918],[533544,375082],[534916,375466],[535606,376592],[535903,376798],[536381,376698],[537215,377329],[537673,377261],[539264,378508],[539692,379195],[540217,379295],[540236,379923],[540508,380142],[540344,380506],[540797,381102],[540823,381848],[541739,382681],[542708,382987],[542982,383396],[543517,383421],[543433,383716],[544299,384408],[546016,384040],[546876,384507],[547519,384364],[547769,383954],[548309,383889],[548500,383585],[548928,383582],[549817,382939],[549999,382272],[550822,381838],[551506,381111],[552816,381810],[553894,382018],[554498,381212],[554939,381196],[555614,380747],[556001,381252],[556284,380391],[556846,379987],[557791,376813],[558200,376443],[559301,376250],[559509,376078],[559423,375665],[560811,376107],[561410,375768],[560428,375419],[559196,374456],[559591,373030],[559470,372136],[559702,371376],[560696,370230],[561543,368755],[562011,369040],[561674,369666],[561685,370010],[561932,370045],[563005,369437],[563160,369658],[563499,368890],[564507,368621],[564929,367847],[565339,367966],[565258,368472],[565449,368417],[565477,368721],[566361,369128],[569201,368686],[569567,367666],[569899,367666],[570259,367300],[570428,368085],[570941,368045],[570693,367642],[571084,366320],[570976,365836],[570583,365514],[571349,365045],[572446,363703],[573593,363019],[575072,361370],[576387,360944],[576120,360154],[576273,359526],[576115,358820],[575238,359629],[574235,359795],[575717,358741],[575484,358580],[575654,358419],[575489,358099],[574523,357447],[574787,356430],[574508,356061],[574869,355865],[574765,355436],[574526,355350],[574634,354922],[575195,354436],[575700,354810],[576099,354722],[575886,354151],[576466,353704],[576947,353937],[577649,353240],[578037,353632],[578923,352449],[578697,350537],[579697,349909],[580008,350113],[581764,350046],[582290,347854],[580851,347426],[580895,346676],[581433,346248],[580873,346319],[579951,345913],[579420,346038],[579308,345811],[578449,345603],[578808,345240],[578447,344783],[577316,344764],[576171,345296],[576267,345800],[575829,346630],[575440,346559],[575287,346947],[574714,347182],[574215,347081],[573589,347326],[573549,347811],[574053,348081],[573109,348299],[572945,348854],[572056,348630],[571746,349248],[571357,349079],[570553,346290],[569667,346124],[569311,346388],[568982,345984],[567828,345393],[568382,344331],[567868,342538],[567380,342207],[567572,342000],[567089,340807],[566619,340823],[567186,339463],[566190,338324],[566520,338026],[566145,337344],[565817,337495],[564793,336850],[564431,336088],[564016,336809],[563753,336545],[563512,337066],[562711,336766],[562524,336919],[561251,336100],[561258,335704],[560719,334756],[560124,334797],[560391,334549],[560264,334366],[559969,334712],[559635,334602],[559650,334335],[559389,334353],[559230,334590],[559528,334742],[559347,334941],[559136,334695],[558792,334761],[558680,333889],[559481,333874],[559753,333079],[559603,333015],[559144,333944],[559250,333089],[558884,333158],[558771,333468],[558473,332913],[558151,333029],[558048,332804],[557602,333027],[557477,333598],[556954,333392],[556357,335892],[555753,335821],[555613,336063],[555879,336450],[555173,336254],[555589,336713],[554995,336599],[555388,337149],[555005,337065],[554965,337339],[554681,337312],[554059,338588],[553972,338107],[553663,338260],[553493,338080],[552800,339185],[552644,339593],[553491,340685],[553448,341490],[552669,341771],[552320,342588],[551777,342856],[551504,342672],[551110,343245],[549650,343906],[549462,344368],[549909,344846],[549735,345202],[550517,345681],[550508,345680]],[[556598,361265],[556789,360533],[556203,359098],[555241,358994],[554820,359904],[554751,359699],[553725,359765],[554066,358691],[553054,358314],[553142,357717],[553695,357870],[554095,357573],[554352,356315],[554855,356214],[554419,355446],[554829,355169],[555192,355268],[555427,354818],[555445,354297],[555052,354375],[555195,353823],[554687,353264],[554600,352160],[553985,352208],[554618,350969],[554779,349538],[555046,349086],[556322,348807],[556797,348384],[558648,348580],[559954,348983],[560375,348360],[560740,348501],[560678,348695],[560959,348597],[561346,349075],[561757,348017],[562757,348361],[563845,349052],[563360,349463],[563670,349655],[563482,350221],[565110,351293],[564594,351837],[564594,352592],[564377,352871],[564742,353206],[564965,354181],[565217,354314],[565249,354953],[565032,355205],[565496,355996],[565594,356695],[565386,356933],[566485,357788],[567058,357910],[566735,358323],[566402,358276],[566764,359108],[565685,358626],[565208,358806],[565603,359798],[566007,360170],[565639,360963],[565204,361162],[564336,360921],[563996,360537],[563916,360857],[563580,361013],[563076,361121],[562800,360768],[562064,360869],[561749,361289],[560380,360736],[559664,360887],[558857,360591],[558514,360886],[558058,360678],[557731,361020],[557779,361285],[557411,361423],[556838,361516],[556593,361273],[556598,361265]]]]}},{"type":"Feature","id":"610","properties":{"id":"610","name":"Leibnitz"},"geometry":{"type":"MultiPolygon","coordinates":[[[[567757,305122],[567469,304771],[567122,304971],[566892,304831],[566719,304596],[566863,304210],[566299,304124],[566276,303936],[565992,303975],[565924,304359],[565042,304617],[564318,303757],[563607,303702],[563062,303954],[563158,304821],[562478,305591],[562588,306579],[562026,306938],[561247,306641],[560524,307377],[559875,307424],[559981,308033],[559715,308281],[556356,307848],[556086,307602],[554813,307759],[554651,308148],[553934,307669],[552720,307904],[551989,307286],[551158,307775],[551249,308241],[551861,308678],[551879,309478],[551604,309569],[551878,309794],[551517,309808],[550956,310375],[551698,311301],[551614,311609],[552239,312097],[552054,312245],[552354,312706],[552116,312978],[552310,313465],[553245,313962],[552584,315891],[553078,316024],[553292,316524],[553215,316964],[552630,317636],[552967,317910],[553018,318308],[554755,319019],[554517,320050],[554304,320228],[553947,320072],[553933,320493],[553433,320449],[553119,320948],[553842,321701],[553663,322892],[554542,323467],[555135,323553],[555431,324100],[556670,324530],[557250,324978],[557253,325754],[557505,326183],[558357,326814],[557953,326700],[557846,327039],[558367,327720],[558638,327673],[558676,328762],[559897,329831],[559405,330756],[559416,331295],[559897,331332],[559479,331615],[559445,331979],[558538,333238],[558771,333468],[558884,333158],[559250,333089],[559198,333945],[559603,333015],[559761,333134],[559481,333874],[558680,333889],[558792,334761],[559136,334695],[559347,334941],[559528,334742],[559230,334590],[559389,334353],[559650,334335],[559635,334602],[559969,334712],[560264,334366],[560391,334549],[560124,334797],[560719,334756],[561258,335704],[561251,336100],[562524,336919],[562711,336766],[563512,337066],[563753,336545],[564016,336809],[564431,336088],[564793,336850],[565817,337495],[566145,337344],[566520,338026],[566190,338324],[567186,339463],[566619,340823],[567089,340807],[567572,342000],[567380,342207],[567868,342538],[568382,344331],[567828,345393],[568982,345984],[569311,346388],[569667,346124],[570553,346290],[570765,346608],[570678,347152],[571176,348073],[571174,348841],[571725,349251],[572036,348633],[572945,348854],[573109,348299],[574053,348081],[573549,347811],[573644,347414],[572665,345850],[572385,345957],[572009,343852],[571582,343324],[571519,342822],[572350,340850],[572506,339277],[572932,339366],[572929,338807],[573457,337869],[573604,337214],[573324,335985],[573724,336137],[574438,335891],[574437,335656],[575089,335348],[575507,335615],[576400,335621],[576784,335303],[577755,335283],[577857,334995],[577576,334607],[577818,334459],[578437,334877],[578821,334798],[578822,334443],[579145,334216],[578901,333677],[578429,333378],[578378,332573],[578709,331716],[579327,331945],[579800,331921],[579847,331670],[579696,328549],[579417,328510],[579176,327420],[579263,326521],[578877,326153],[579294,325600],[579729,323102],[580281,323130],[580392,322934],[581869,323147],[582833,322079],[583197,322651],[584019,322871],[584649,321162],[584518,320286],[583942,320501],[583611,319999],[584194,319145],[583893,318496],[582332,319379],[582026,319101],[580842,318858],[581517,318049],[582192,317743],[582277,316529],[583257,316594],[583264,316155],[583676,316113],[584160,316162],[584292,316497],[585014,315853],[584146,315902],[584117,315321],[584531,314730],[585268,314773],[585488,314304],[584727,314209],[585001,313793],[583993,313980],[582649,313482],[580668,313754],[579154,314588],[577144,314420],[577480,313728],[577471,312910],[576683,312672],[576520,312918],[576330,312801],[575853,312027],[576007,311656],[575701,311518],[574930,311470],[574408,311856],[573814,311585],[573773,312195],[574037,312317],[572997,312544],[572636,311789],[571691,311751],[571729,311500],[570970,311409],[570930,310855],[570588,310826],[570317,310367],[569688,310515],[569137,310132],[569946,308163],[569800,307750],[569440,307856],[569266,307309],[569795,306924],[569419,306554],[569166,305759],[569019,306187],[568745,306188],[567767,305139],[567757,305122]]]]}},{"type":"Feature","id":"611","properties":{"id":"611","name":"Leoben"},"geometry":{"type":"MultiPolygon","coordinates":[[[[521778,379102],[521853,377632],[521605,377210],[521089,377071],[521314,377387],[520871,377735],[520539,377776],[520255,377433],[519935,377520],[518882,378689],[518689,379873],[518116,380743],[518307,381210],[517634,381441],[517554,381691],[516832,381827],[516752,382533],[516338,382702],[515645,384619],[515119,384150],[513260,384600],[512311,385272],[511547,384981],[510855,385440],[510576,386123],[509711,386476],[509122,385855],[509095,385331],[507874,385134],[507161,384274],[507309,383634],[506150,383118],[505507,383178],[504867,384044],[504307,384037],[503329,384548],[503305,384949],[501883,385759],[501520,386276],[500661,386267],[499482,387258],[498987,387331],[498134,386919],[496710,387361],[496679,388374],[496376,388969],[495844,389126],[495723,389859],[496002,391171],[495819,393342],[496797,394495],[497845,394656],[497820,395244],[498171,395386],[498088,396150],[498540,397928],[498183,398910],[498079,400185],[498423,400539],[499109,400413],[499305,400702],[500447,400534],[500498,401005],[500994,401422],[500875,401648],[501136,402294],[501730,402934],[501664,403819],[501977,404307],[502448,404923],[503504,405260],[505495,408212],[507551,410121],[507407,410490],[507663,410576],[508660,409843],[509798,408530],[510276,407548],[511362,406732],[511623,407531],[511486,408901],[512454,409894],[512154,410381],[512713,411227],[513154,411238],[513682,411619],[514910,411413],[515867,412224],[517584,412467],[518616,412886],[518828,413987],[519579,413991],[520525,413556],[522453,413688],[522504,413270],[521883,412313],[520903,412171],[520382,412569],[520229,411402],[520872,410925],[520786,409887],[521316,409250],[521305,408941],[522022,408257],[522637,408854],[523237,408962],[523290,408509],[524205,407110],[523794,406029],[524308,405389],[526341,405117],[527004,404707],[527560,405015],[527663,404764],[528469,404402],[528416,403082],[528929,402545],[529850,398378],[531510,397231],[531428,396867],[532738,395174],[534036,394776],[535571,395758],[536312,395887],[537840,395333],[537282,395172],[537183,393925],[538399,393314],[539045,391997],[538951,391190],[539664,390819],[540266,391033],[540704,390525],[540785,390092],[540322,389372],[540269,388352],[540643,387724],[540757,386639],[541477,385698],[541628,384952],[542159,384382],[542416,383639],[543433,383716],[543517,383421],[542982,383396],[542708,382987],[541739,382681],[540823,381848],[540797,381102],[540344,380506],[540508,380142],[540236,379923],[540217,379295],[539692,379195],[539264,378508],[537673,377261],[537215,377329],[536381,376698],[535903,376798],[535606,376592],[534916,375466],[533544,375082],[532496,372918],[531914,372480],[531184,372739],[530813,371634],[529890,371147],[529315,371378],[528947,372377],[528494,372556],[528479,373088],[527812,372976],[527390,374123],[526848,374390],[526502,374928],[526320,375892],[525677,376087],[524870,377168],[524397,377287],[523756,376737],[521787,379113],[521778,379102]]]]}},{"type":"Feature","id":"612","properties":{"id":"612","name":"Liezen"},"geometry":{"type":"MultiPolygon","coordinates":[[[[448073,374711],[447035,374124],[447261,373356],[446708,373004],[445974,372927],[445243,372300],[444548,372603],[444401,372331],[443626,373493],[442444,373277],[441572,372825],[441131,373125],[440225,372649],[438741,373630],[437145,374278],[436970,374629],[437414,375081],[437119,375521],[437400,376056],[437081,376855],[437257,377190],[436637,377519],[435684,377126],[435162,376531],[434537,376709],[434679,375867],[434138,375176],[432381,374168],[431397,375446],[429703,375487],[428841,374585],[428695,373397],[427481,373456],[427462,374010],[426468,374442],[425886,375060],[425456,374765],[424116,375286],[422605,374982],[421886,375994],[420796,376033],[420045,377142],[420383,378023],[420427,379071],[419894,379274],[419867,379805],[420467,381209],[419403,384414],[419108,384633],[418807,387013],[418079,388231],[418205,389612],[417498,390353],[417405,391243],[418186,391942],[418545,393602],[419024,394220],[419087,394964],[419603,395706],[419479,396897],[419264,396770],[419070,397287],[419373,397091],[419864,397379],[420255,397206],[420905,397331],[422444,396361],[425254,395965],[428112,396111],[428639,395816],[429392,395919],[428987,397200],[429149,397946],[429848,399050],[431372,400319],[432229,402401],[431574,403061],[431133,404770],[431229,405015],[431941,405127],[431853,406003],[430299,408695],[428622,408500],[428602,408969],[427812,409186],[427206,408950],[426999,409981],[427583,411139],[427163,413800],[427270,414871],[427941,416272],[428250,417647],[428093,418435],[428820,418981],[430358,419486],[430148,420702],[431299,420965],[431662,422278],[433368,423995],[433383,424418],[434539,423770],[438075,424491],[438877,424014],[439727,425306],[439576,425444],[440176,425031],[440783,425333],[440940,424819],[441570,424872],[442254,424381],[442815,424404],[443081,423677],[444069,423019],[445210,423533],[446445,423543],[448832,422185],[450203,422839],[450872,422605],[451575,421491],[454269,418967],[453627,414355],[454239,414219],[453972,413326],[454668,413428],[455018,413196],[456164,413587],[457151,413621],[457327,414025],[457780,414041],[458455,414493],[460113,414796],[460371,415236],[461075,415605],[462159,415569],[462811,415944],[463476,415732],[465577,417377],[466535,417129],[467589,417188],[466889,416237],[467769,414666],[468952,413711],[469350,413007],[470034,412753],[471347,413219],[472347,412523],[472924,412690],[473665,412340],[474284,412586],[474697,412486],[475290,413694],[477225,414893],[478010,414916],[478750,415477],[479550,415705],[479806,415920],[479613,417090],[479971,417569],[481720,418029],[481918,417625],[482914,417599],[483707,418074],[483847,418861],[485087,419511],[485487,419492],[485711,420134],[486315,420712],[486826,420931],[487818,420522],[488911,420943],[489685,422477],[489165,423395],[489963,424503],[491570,425191],[492895,424837],[494073,425068],[494463,425700],[494727,425691],[495313,426368],[495346,426171],[495821,426211],[496361,426490],[497350,426268],[497392,426001],[497648,426246],[498620,425972],[498581,426532],[498941,427389],[500357,427758],[502239,430493],[502945,429934],[503595,429950],[504112,429377],[505031,428966],[505383,428651],[505211,428227],[505532,427844],[506869,427155],[507571,426199],[509946,427555],[510721,427462],[511377,428260],[512470,428226],[512332,427692],[513023,427152],[514550,428006],[515774,426357],[515811,425214],[518542,424486],[518707,424687],[519657,424692],[519913,425439],[521423,427199],[522586,427712],[522961,428425],[523987,428060],[524794,428223],[526592,428981],[527169,429518],[527577,429540],[529345,428205],[530925,428515],[532997,428256],[535360,428621],[535445,427653],[534289,427277],[533537,426794],[533299,426308],[532460,425988],[531658,425018],[531281,424072],[531461,423567],[531096,423490],[531257,423349],[530918,422984],[530730,422145],[531347,420830],[531391,419770],[530804,419434],[530266,418328],[530409,417687],[530741,417446],[530825,416336],[530256,415525],[530586,414728],[530214,413746],[529178,413224],[528007,413281],[527597,413069],[527433,413219],[526194,412763],[525182,412923],[522475,412114],[521883,412313],[522504,413270],[522453,413688],[520525,413556],[519579,413991],[518828,413987],[518616,412886],[517584,412467],[515867,412224],[514910,411413],[513682,411619],[513154,411238],[512713,411227],[512154,410381],[512454,409894],[511486,408901],[511623,407531],[511362,406732],[510276,407548],[509798,408530],[508660,409843],[507663,410576],[507407,410490],[507551,410121],[505495,408212],[503504,405260],[502448,404923],[501977,404307],[501664,403819],[501730,402934],[501136,402294],[500875,401648],[500994,401422],[500498,401005],[500447,400534],[499305,400702],[499109,400413],[498423,400539],[498079,400185],[498183,398910],[498540,397928],[498088,396150],[498171,395386],[497820,395244],[497845,394656],[496578,394350],[495819,393342],[495809,392702],[493494,392625],[493360,393995],[493205,394275],[492155,394591],[492086,395664],[491347,395583],[489072,396549],[488769,396429],[488290,395609],[487645,395756],[487595,396007],[487320,395842],[486837,396726],[486187,397098],[485723,396128],[485147,396106],[484880,396529],[484396,396272],[482423,396099],[481089,395225],[480388,395659],[480167,394885],[480756,394317],[480508,393819],[479881,393445],[479327,392168],[478718,391699],[476896,391020],[475921,390253],[475095,389958],[474628,389436],[474128,389642],[473299,389254],[472931,388812],[472980,388547],[472163,388115],[472089,387678],[469542,387069],[468430,386548],[467692,384905],[467398,384692],[467694,382838],[467309,382438],[467578,381899],[467483,380905],[466305,380135],[465612,379381],[465564,378965],[464900,378614],[463321,379066],[462226,377712],[460978,377788],[460738,377609],[460201,376214],[459404,375613],[458984,374543],[458426,374494],[457939,373971],[456831,374898],[455174,375152],[454887,375436],[454957,375845],[454048,376834],[453583,376633],[453284,375643],[452781,375155],[451776,375026],[451462,373855],[450760,374373],[448537,374511],[448109,374754],[448073,374711]]]]}},{"type":"Feature","id":"614","properties":{"id":"614","name":"Murau"},"geometry":{"type":"MultiPolygon","coordinates":[[[[447046,339687],[447078,338261],[446361,338151],[445803,338619],[444613,337962],[444066,337210],[443177,337276],[442970,336568],[442312,336321],[441749,335409],[440955,335483],[440617,335745],[439864,335429],[439267,334533],[438842,335048],[438499,334903],[438248,335165],[437787,334962],[436855,335462],[435917,336731],[435614,336771],[435134,337423],[434342,337732],[434406,338347],[434871,338451],[435656,339163],[436539,339233],[436858,339934],[437658,340353],[437979,340768],[438033,341721],[438743,342386],[438962,343398],[440466,344216],[440382,346841],[441729,348937],[442376,350624],[443375,351667],[443597,352439],[442278,354082],[442015,354789],[441392,355158],[441420,355786],[441772,356295],[441623,356633],[442473,357337],[442901,357284],[443730,358436],[444092,358405],[444686,359035],[445126,359075],[446023,359826],[446348,359846],[447128,358600],[447584,358429],[448540,358794],[449656,358673],[450322,359461],[449980,359889],[450121,360487],[448165,361414],[447594,362403],[446977,362932],[444745,363746],[444309,363565],[444170,364622],[443666,365279],[442914,364938],[442551,365252],[443223,366288],[441647,367337],[439177,370139],[440532,371415],[440225,372649],[441131,373125],[441572,372825],[442444,373277],[443626,373493],[444401,372331],[444548,372603],[445243,372300],[445974,372927],[446708,373004],[447261,373356],[447035,374124],[447361,374423],[447866,374457],[448157,374814],[448537,374511],[450760,374373],[451462,373855],[451776,375026],[452781,375155],[453284,375643],[453583,376633],[454048,376834],[454957,375845],[454887,375436],[455108,375191],[455634,374948],[456067,375116],[456831,374898],[457939,373971],[458426,374494],[458984,374543],[459404,375613],[460201,376214],[460738,377609],[460978,377788],[462226,377712],[463321,379066],[464900,378614],[465564,378965],[465612,379381],[466305,380135],[467483,380905],[467609,381450],[468514,381502],[469831,380918],[470608,380148],[470714,379215],[471060,378828],[471197,378139],[471919,377962],[472705,377256],[473257,377400],[474124,376075],[474820,375746],[475450,375023],[476690,375114],[477424,375570],[478889,374542],[479288,371944],[479668,371532],[479615,371059],[480202,370878],[480311,370514],[480021,370469],[479782,369122],[479011,368158],[479452,367775],[479428,367007],[480160,366603],[479835,366277],[480319,365695],[480782,365564],[481451,364401],[481694,364511],[481535,365046],[482350,365247],[482561,364986],[482302,364414],[482536,364339],[482719,363797],[484054,363202],[485046,363642],[485836,363491],[486453,364073],[487724,363368],[488709,363255],[489512,362874],[489679,362333],[489403,361188],[489726,360560],[490997,359811],[491299,359233],[492021,358714],[492123,357846],[491715,357719],[491618,357235],[492369,355628],[492516,354885],[492229,354275],[492319,353724],[493191,353194],[493245,352741],[493889,352058],[494134,351535],[494043,350877],[494740,350313],[494552,349865],[495102,348433],[495552,347911],[495267,346554],[493187,346705],[492584,346496],[492195,346676],[489937,346130],[489978,346661],[488966,347267],[489146,348294],[487048,347281],[486602,345975],[486541,346327],[485903,346235],[485568,346672],[485703,345310],[485470,344651],[484873,344480],[484764,344906],[484317,344634],[484413,344765],[483779,344750],[483449,345126],[483504,344741],[481613,343884],[480868,342870],[480593,342831],[480518,343031],[480112,342804],[479773,343920],[479394,344381],[479602,345434],[479390,345897],[479825,346578],[478958,347126],[478513,347746],[477005,347876],[476428,347656],[475677,348280],[474943,348066],[473741,348152],[472741,347792],[472406,348109],[471836,347820],[471279,348181],[470843,347790],[469722,348755],[468577,347752],[467762,348816],[467574,350480],[467050,351390],[467123,351720],[466176,352792],[466102,353437],[464647,352112],[463923,351750],[463727,351253],[463032,350644],[461910,351328],[461295,351532],[461109,351375],[460809,351724],[460444,351558],[460069,350993],[460251,349832],[460083,349481],[458441,349010],[458427,348661],[457999,348538],[457799,348060],[457363,347953],[456433,346900],[456227,346160],[455900,345906],[454462,345180],[452968,345496],[451681,345132],[451998,343341],[451198,342320],[451472,341918],[451233,341433],[450501,341250],[450205,340933],[449335,340986],[448149,340610],[447367,339826],[446964,340026],[447040,339720],[447046,339687]]]]}},{"type":"Feature","id":"616","properties":{"id":"616","name":"Voitsberg"},"geometry":{"type":"MultiPolygon","coordinates":[[[[535211,337929],[534060,336958],[532062,336495],[530885,336629],[529037,335857],[528254,337279],[527425,338078],[526697,338174],[526832,338329],[526327,339005],[526459,339256],[525324,341110],[525261,341760],[524752,342331],[524270,343811],[523657,344496],[522930,344982],[522081,344969],[519467,345723],[518229,346662],[517081,348146],[515781,348426],[514551,349858],[514840,350945],[516160,350562],[516128,351298],[515274,351763],[516367,351859],[516478,352794],[517707,355017],[518510,354718],[519065,354035],[520159,353881],[520369,354296],[520293,354868],[520622,355102],[520315,355650],[520159,358169],[520797,358619],[521200,358448],[521161,359306],[522200,360192],[522243,360941],[521919,361553],[522221,362244],[522182,362901],[522864,363027],[524146,364712],[524664,364879],[525910,366989],[526399,367022],[526920,367498],[527479,367265],[528542,367657],[528579,368270],[529612,368670],[530109,369357],[531395,369267],[532213,369695],[533595,369373],[534413,369430],[534790,369042],[536455,369527],[537068,369122],[537392,368474],[538532,368646],[538541,367733],[539055,367434],[539627,366640],[540376,364977],[540302,364646],[539692,364179],[540236,363060],[539428,361738],[539581,360832],[540306,360351],[540714,359283],[541373,358768],[541575,358162],[541947,357858],[541921,357536],[542415,357092],[542279,356773],[542523,356095],[543076,355564],[543448,355860],[543936,355869],[544537,355133],[545167,355148],[545455,354413],[546015,353839],[545864,353574],[546337,353305],[545866,352450],[545857,352289],[546286,352274],[545880,350419],[546348,350574],[546601,351292],[546816,350238],[546418,349268],[547008,348678],[546869,348153],[547442,347992],[547622,347394],[548264,347230],[549236,348367],[549394,347242],[550141,346902],[549677,346559],[550048,346609],[550115,346308],[550332,346299],[550219,345817],[550519,345681],[549765,345250],[549909,344846],[549462,344368],[549890,343652],[550698,343358],[550300,342259],[549709,341650],[549915,341026],[549246,340636],[548758,341521],[547865,341919],[546947,341980],[546000,342867],[545697,342806],[545328,342256],[543361,342156],[543144,341881],[542516,342044],[542222,341734],[540622,341228],[540507,340782],[540079,340580],[536881,341825],[536189,340565],[536236,339790],[535712,338636],[535766,338029],[535245,337949],[535211,337929]]]]}},{"type":"Feature","id":"617","properties":{"id":"617","name":"Weiz"},"geometry":{"type":"MultiPolygon","coordinates":[[[[573703,362886],[572446,363703],[571349,365045],[570573,365528],[570976,365836],[571088,366357],[570702,367549],[571014,367950],[570837,368111],[570398,368047],[570259,367300],[569899,367666],[569567,367666],[569201,368686],[566361,369128],[565477,368721],[565449,368417],[565258,368472],[565339,367966],[564929,367847],[564507,368621],[563499,368890],[563160,369658],[563005,369437],[561932,370045],[561685,370010],[561674,369666],[562011,369040],[561542,368756],[560696,370230],[559702,371376],[559470,372136],[559591,373030],[559196,374456],[560428,375419],[561410,375768],[560811,376107],[559423,375665],[559509,376078],[559301,376250],[558200,376443],[557791,376813],[556846,379987],[556148,380607],[556084,382076],[555594,382859],[556184,383052],[557800,384900],[557582,385602],[558029,386984],[559270,387294],[560052,386616],[560732,386481],[561870,386930],[562268,386524],[564436,386752],[564826,386548],[566033,387127],[566428,388241],[565922,390346],[566301,391570],[567825,392023],[568294,391939],[569600,392674],[569463,393818],[570067,394494],[569695,396408],[570410,397840],[571403,398786],[571284,399265],[570607,399581],[571050,400088],[573023,401053],[573486,401120],[573941,400705],[574234,400783],[574087,401404],[574528,401820],[574238,402521],[574643,403334],[575572,404011],[576507,404335],[576789,404758],[577563,404703],[578006,404974],[579212,406060],[579474,406719],[580774,407429],[581766,408803],[582888,409404],[583171,409919],[584482,410331],[584843,411197],[585646,411487],[587557,409956],[588648,410173],[589076,410657],[590402,410468],[590734,411104],[591124,411325],[592170,411123],[593468,410166],[593344,408396],[594269,406657],[592701,404002],[592010,403670],[590807,403712],[589783,402835],[589192,402691],[588199,403305],[587308,403475],[586625,403180],[586484,403545],[586192,403551],[585821,403516],[585910,403073],[585696,402801],[585004,402730],[584695,403218],[584227,403315],[583926,404005],[583487,404007],[583453,403502],[582433,403272],[582156,402446],[581551,402220],[581226,401570],[580817,401573],[580602,401112],[580058,401124],[579152,399840],[579257,399581],[579553,399600],[579517,399173],[579800,399216],[580391,398552],[580772,398729],[581275,398255],[581997,398512],[582360,396610],[582690,395997],[582366,394358],[584132,392688],[584195,391217],[584392,391230],[584874,390399],[586299,388891],[585123,388103],[584292,386967],[582770,386381],[582178,386530],[582063,386350],[582544,385544],[581758,384123],[581488,382753],[581507,381711],[581873,381070],[581723,380807],[582916,380215],[583431,379550],[583379,377276],[583662,376204],[584041,375648],[584789,375239],[584813,374378],[584026,374465],[583692,374144],[584408,373986],[584468,373599],[583657,372345],[585025,371216],[585044,370710],[585434,370844],[585579,370407],[586002,370607],[586449,370383],[588696,367407],[589883,368122],[590230,367469],[591245,367055],[591594,365569],[592531,364981],[592576,364311],[592301,364085],[592910,363613],[592729,363471],[592955,363064],[593902,362228],[594256,360887],[594628,360782],[594758,359860],[595163,359299],[594968,358705],[595161,358632],[595101,358088],[594488,357764],[592349,360857],[591202,361524],[591353,360600],[592153,359191],[591888,358725],[592351,358284],[591858,357552],[590914,357719],[590286,356309],[591100,355801],[591113,355168],[591587,354941],[592594,355137],[592754,354824],[592991,354903],[593345,354218],[593318,352174],[592670,351038],[592521,350821],[591325,350687],[590954,350282],[591071,349909],[590787,349849],[590551,349964],[590471,350734],[590024,350689],[589029,351436],[588910,351969],[589252,352024],[589183,352279],[588909,352215],[588749,352539],[588489,352136],[587902,352511],[587591,352251],[587047,352671],[585877,350896],[585582,349961],[585700,349682],[585056,349627],[584585,349093],[584685,348921],[583394,348979],[582445,349801],[581648,350083],[579477,349953],[578697,350537],[578923,352449],[578037,353632],[577649,353240],[576947,353937],[576466,353704],[575886,354151],[576099,354722],[575700,354810],[575195,354436],[574596,354991],[574526,355350],[574765,355436],[574869,355865],[574508,356061],[574787,356430],[574531,357475],[575489,358099],[575654,358419],[575484,358580],[575717,358741],[574235,359795],[575238,359629],[576115,358820],[576273,359526],[576120,360154],[576388,360938],[575228,361256],[573723,362864],[573703,362886]]]]}},{"type":"Feature","id":"620","properties":{"id":"620","name":"Murtal"},"geometry":{"type":"MultiPolygon","coordinates":[[[[506272,348280],[505959,347920],[506139,347215],[505638,347719],[505141,347437],[504817,347660],[504226,347616],[503827,347205],[503159,347481],[501254,347386],[500138,346902],[498443,346812],[497523,345060],[495806,345442],[495267,346554],[495552,347911],[495102,348433],[494552,349865],[494740,350313],[494043,350877],[494134,351535],[493245,352741],[493191,353194],[492319,353724],[492229,354275],[492516,354885],[492369,355628],[491618,357235],[491715,357719],[492123,357846],[492021,358714],[491299,359233],[490997,359811],[489726,360560],[489403,361188],[489679,362333],[489512,362874],[488709,363255],[487724,363368],[486453,364073],[485836,363491],[485046,363642],[484054,363202],[482719,363797],[482536,364339],[482302,364414],[482561,364986],[482350,365247],[481535,365046],[481694,364511],[481451,364401],[480782,365564],[480319,365695],[479835,366277],[480160,366603],[479428,367007],[479452,367775],[479011,368158],[479782,369122],[480021,370469],[480311,370514],[480202,370878],[479615,371059],[479668,371532],[479288,371944],[478889,374542],[477424,375570],[476690,375114],[475450,375023],[474820,375746],[474124,376075],[473257,377400],[472705,377256],[471919,377962],[471197,378139],[471060,378828],[470714,379215],[470608,380148],[469831,380918],[468514,381502],[467627,381453],[467504,381621],[467309,382438],[467694,382838],[467398,384692],[467692,384905],[468430,386548],[469542,387069],[472089,387678],[472163,388115],[472980,388547],[472931,388812],[473299,389254],[474128,389642],[474628,389436],[475095,389958],[475921,390253],[476896,391020],[478718,391699],[479327,392168],[479881,393445],[480508,393819],[480756,394317],[480167,394885],[480388,395659],[481089,395225],[482423,396099],[484396,396272],[484880,396529],[485147,396106],[485723,396128],[486187,397098],[486837,396726],[487320,395842],[487595,396007],[487851,395681],[488290,395609],[488769,396429],[489072,396549],[491347,395583],[492086,395664],[492155,394591],[493205,394275],[493360,393995],[493494,392625],[494661,392802],[494924,392555],[495839,392665],[496002,391171],[495723,389859],[495844,389126],[496376,388969],[496679,388374],[496710,387361],[498134,386919],[498987,387331],[499482,387258],[500661,386267],[501520,386276],[501883,385759],[503305,384949],[503329,384548],[504307,384037],[504867,384044],[505507,383178],[506150,383118],[507309,383634],[507161,384274],[507874,385134],[509095,385331],[509122,385855],[509711,386476],[510576,386123],[510855,385440],[511547,384981],[512311,385272],[513260,384600],[515119,384150],[515645,384619],[516338,382702],[516752,382533],[516832,381827],[517554,381691],[517634,381441],[518307,381210],[518116,380743],[518689,379873],[518882,378689],[519920,377534],[520255,377433],[520539,377776],[520871,377735],[521314,377387],[521089,377071],[521605,377210],[521853,377632],[521789,379115],[523756,376737],[524397,377287],[524915,377140],[525677,376087],[526424,375777],[526502,374928],[526848,374390],[527390,374123],[527812,372976],[528479,373088],[528494,372556],[528947,372377],[529315,371378],[529890,371147],[530263,369409],[529833,369222],[529612,368670],[528579,368270],[528542,367657],[527479,367265],[526920,367498],[526399,367022],[525910,366989],[524664,364879],[524146,364712],[522864,363027],[522182,362901],[522221,362244],[521919,361553],[522243,360941],[522200,360192],[521161,359306],[521200,358448],[520797,358619],[520159,358169],[520315,355650],[520622,355102],[520298,354880],[520369,354296],[520028,353750],[519065,354035],[518510,354718],[517707,355017],[516478,352794],[516367,351859],[515274,351763],[516128,351298],[516160,350562],[513778,351088],[512064,349875],[511011,349580],[510610,349839],[510176,349666],[509335,349897],[506273,348282],[506272,348280]]]]}},{"type":"Feature","id":"621","properties":{"id":"621","name":"Bruck-Mürzzuschlag"},"geometry":{"type":"MultiPolygon","coordinates":[[[[540391,390767],[540266,391033],[539664,390819],[538951,391190],[539045,391997],[538399,393314],[537183,393925],[537282,395172],[537796,395369],[536312,395887],[535571,395758],[534036,394776],[532738,395174],[531428,396867],[531510,397231],[529850,398378],[528929,402545],[528416,403082],[528469,404402],[527663,404764],[527560,405015],[527004,404707],[526341,405117],[524208,405458],[523794,406029],[524205,407110],[523290,408509],[523319,408844],[523064,409056],[521882,408287],[520786,409887],[520872,410925],[520229,411402],[520204,411698],[520382,412569],[520903,412171],[521883,412313],[522475,412114],[525182,412923],[526194,412763],[527433,413219],[527597,413069],[528007,413281],[529178,413224],[530214,413746],[530586,414728],[530256,415525],[530825,416336],[530741,417446],[530409,417687],[530266,418328],[530804,419434],[531391,419770],[531347,420830],[530730,422145],[530918,422984],[531257,423349],[531096,423490],[531461,423567],[531281,424072],[531658,425018],[532460,425988],[533299,426308],[533537,426794],[534289,427277],[535445,427653],[535360,428621],[532997,428256],[531693,428393],[534744,429084],[534899,429324],[534724,429729],[535399,430683],[535815,430238],[536873,430383],[537603,429878],[538701,430237],[540008,429941],[540715,431143],[540509,431440],[540677,431640],[540085,431802],[539967,432305],[540385,432614],[540479,433736],[540989,434054],[541143,434665],[542407,435004],[544179,434301],[544532,434472],[546390,434145],[546652,434498],[546669,435147],[546960,435303],[546741,436302],[547149,437552],[547873,437490],[548503,437844],[549031,437625],[549733,438363],[550078,438432],[550604,438193],[551663,438241],[551801,438017],[552860,438225],[554058,437290],[554114,436865],[554846,437101],[555227,436889],[555042,435502],[555640,433787],[556532,433838],[557336,434588],[557733,434512],[558634,432525],[558995,432552],[559465,432216],[561227,432367],[561767,432113],[563059,432032],[563666,431451],[563507,430737],[563081,430457],[563513,429739],[564031,429893],[564627,429706],[566302,430158],[566509,429833],[567060,429730],[567683,430182],[568882,430138],[570481,430582],[571121,429995],[571408,428955],[572093,428133],[572752,426553],[573930,426836],[575340,426028],[576013,424824],[576947,425548],[577338,426425],[578762,426394],[579022,426000],[578696,424637],[579065,424063],[578990,423297],[579879,421071],[579670,419096],[580378,419017],[581115,418529],[581015,417597],[582563,417912],[583072,418488],[583832,418796],[583980,418407],[584522,418514],[585719,418020],[586959,418377],[587566,417824],[587856,416674],[588420,416216],[588922,416158],[589646,416558],[589904,416272],[590091,415793],[589971,415339],[589634,414460],[589075,413865],[589169,413186],[588851,412694],[589105,410643],[588704,410202],[587530,409959],[585646,411487],[584843,411197],[584482,410331],[583171,409919],[582888,409404],[581766,408803],[580774,407429],[579474,406719],[579212,406060],[578006,404974],[577563,404703],[576789,404758],[576507,404335],[575572,404011],[574643,403334],[574238,402521],[574528,401820],[574087,401404],[574234,400783],[573941,400705],[573486,401120],[573023,401053],[571050,400088],[570607,399581],[571284,399265],[571403,398786],[570410,397840],[569695,396408],[570067,394494],[569463,393818],[569600,392674],[568294,391939],[567825,392023],[566301,391570],[565922,390346],[566428,388241],[566033,387127],[564826,386548],[564436,386752],[562268,386524],[561870,386930],[560732,386481],[560052,386616],[559270,387294],[557934,386931],[557582,385602],[557800,384900],[556184,383052],[555594,382859],[556084,382076],[556001,381252],[555614,380747],[554939,381196],[554498,381212],[553894,382018],[552816,381810],[551464,381124],[550822,381838],[549999,382272],[549817,382939],[549297,383362],[547769,383954],[547208,384449],[546781,384477],[546016,384040],[544299,384408],[543494,383740],[542416,383639],[542159,384382],[541628,384952],[541477,385698],[540976,386116],[540639,387738],[540320,388141],[540322,389372],[540785,390092],[540400,390768],[540391,390767]]]]}},{"type":"Feature","id":"622","properties":{"id":"622","name":"Hartberg-Fürstenfeld"},"geometry":{"type":"MultiPolygon","coordinates":[[[[592986,354902],[592754,354824],[592594,355137],[591335,355018],[591028,355265],[591096,355806],[590286,356309],[590914,357719],[591858,357552],[592351,358284],[591864,358796],[592153,359191],[591353,360600],[591277,361596],[591970,360917],[592349,360857],[593590,358930],[593999,358710],[594268,357962],[594552,357764],[595101,358088],[595161,358632],[594968,358705],[595176,359238],[594758,359860],[594628,360782],[594256,360887],[593877,362269],[592955,363064],[592729,363471],[592910,363613],[592301,364085],[592576,364311],[592531,364981],[591594,365569],[591138,367160],[590515,367246],[589883,368122],[588696,367407],[586449,370383],[586002,370607],[585579,370407],[585434,370844],[585044,370710],[585025,371216],[583657,372345],[584468,373599],[584408,373986],[583692,374144],[584026,374465],[584813,374378],[584789,375239],[584041,375648],[583662,376204],[583379,377276],[583431,379550],[582916,380215],[581723,380807],[581873,381070],[581507,381711],[581488,382753],[581758,384123],[582544,385544],[582063,386350],[582178,386530],[582770,386381],[584292,386967],[585123,388103],[586299,388891],[584874,390399],[584392,391230],[584195,391217],[584132,392688],[582366,394358],[582690,395997],[582360,396610],[581997,398512],[581275,398255],[580772,398729],[580447,398543],[580174,398671],[579800,399216],[579517,399173],[579553,399600],[579257,399581],[579185,400065],[580058,401124],[580602,401112],[580817,401573],[581226,401570],[581551,402220],[582156,402446],[582433,403272],[583453,403502],[583487,404007],[583926,404005],[584227,403315],[584695,403218],[585004,402730],[585696,402801],[585910,403073],[585821,403516],[586192,403551],[586484,403545],[586625,403180],[587308,403475],[588267,403282],[589192,402691],[589657,402782],[590807,403712],[592010,403670],[592701,404002],[594269,406657],[595970,406260],[597506,405283],[598835,405676],[600925,405208],[601326,405449],[602007,405429],[602797,404973],[603321,404053],[603964,403692],[604427,402636],[605266,401935],[605547,401981],[605823,402163],[605764,403878],[606476,404028],[606803,403623],[606967,404374],[607582,404549],[607910,404996],[607866,405699],[608130,406428],[608376,406285],[609006,406561],[609204,405619],[609542,405501],[609157,404928],[609298,404630],[609962,405045],[609743,403993],[609362,403550],[609644,402613],[610034,402466],[609852,401920],[610006,401360],[609634,400949],[610254,400944],[610194,400604],[610530,400315],[610998,400461],[611405,399564],[611045,399324],[610979,398673],[611664,397988],[611703,397382],[613160,396065],[613240,395760],[613736,395740],[614109,395335],[612472,394964],[610715,394143],[608822,394296],[608768,393442],[609146,392835],[609353,392879],[609178,392563],[609323,392107],[609013,392153],[608296,391538],[607453,392310],[607982,392700],[607867,393213],[608514,393366],[608399,393610],[607858,393402],[607559,393632],[607144,393177],[606639,393036],[606159,391917],[606123,390885],[603597,390167],[603920,389389],[602515,388777],[602975,388439],[602965,388206],[603223,388374],[603567,388014],[603432,387788],[603749,387422],[603992,387638],[603914,387159],[604188,387045],[603953,386788],[604286,386754],[604036,386601],[604259,386368],[604114,386282],[604732,386215],[604659,385764],[605353,385132],[605095,384877],[605266,384831],[605101,384443],[605519,384005],[605376,383615],[605619,383563],[605308,383498],[605390,383287],[605574,383420],[605651,383177],[605803,383365],[606056,383154],[605984,382183],[606340,381946],[606157,381620],[606348,381191],[606096,380954],[606539,380857],[606465,380607],[606693,380442],[606464,379946],[606723,379900],[606649,379577],[607388,378813],[607505,378461],[607345,378416],[607599,378387],[607568,377800],[608009,377241],[607674,377032],[608125,376344],[607938,376130],[608296,376023],[608094,375715],[608343,375787],[608253,375485],[608527,375094],[608219,374596],[608352,373681],[608032,373692],[607911,373255],[608144,373360],[608386,372377],[608640,372408],[608419,372202],[608453,371611],[608861,371430],[608752,371111],[609073,370835],[608838,370750],[609035,370463],[608897,370341],[609307,370080],[609079,369986],[609389,369937],[609386,369485],[609698,369234],[609542,369078],[609896,368917],[610203,367284],[610768,366187],[610587,365647],[611079,364257],[610755,363924],[610934,363878],[610984,363075],[610556,362342],[610389,361635],[610553,361422],[610265,361202],[610313,360924],[610089,360695],[609549,360768],[609624,360373],[609381,360311],[609278,359104],[609557,358608],[608995,357920],[609309,357314],[609107,357107],[609270,356581],[609051,356430],[610053,354945],[609906,354756],[610483,354985],[611029,353676],[611475,353694],[611792,353249],[611804,352931],[611574,352850],[611859,352713],[611484,352585],[611634,352338],[611321,352182],[611371,351824],[611869,351708],[611338,351552],[612115,351285],[612095,350939],[611793,350984],[612208,350758],[612192,350371],[612783,350034],[612666,349627],[613380,349342],[613015,349101],[613334,348838],[613256,348608],[613548,348664],[613664,348091],[614070,348427],[613908,348222],[614166,348120],[614149,347543],[614620,347524],[614549,347353],[613736,347441],[613043,347747],[612056,347247],[611863,346063],[611465,346030],[611007,345133],[611225,344797],[611095,344395],[610513,345580],[610434,346271],[609969,346343],[609581,345898],[609050,345798],[609024,346083],[608453,346194],[607884,346785],[607844,347146],[607439,347394],[607738,348109],[607629,348576],[606829,347884],[606170,348481],[605154,348774],[604875,348573],[604349,348965],[602500,348716],[602341,349131],[602616,349608],[602447,350100],[602063,349921],[601788,350374],[601144,350089],[601147,350409],[600624,350831],[601229,351670],[600988,351795],[601080,352123],[600661,352292],[600316,352854],[600519,353442],[600021,354231],[598246,354394],[598110,354817],[598068,354348],[597800,354342],[597808,353524],[597295,353021],[596431,353264],[596106,352587],[594778,351958],[593712,351741],[593225,352361],[593443,353699],[592988,354902],[592986,354902]]]]}},{"type":"Feature","id":"623","properties":{"id":"623","name":"Südoststeiermark"},"geometry":{"type":"MultiPolygon","coordinates":[[[[587352,314783],[586335,313981],[585001,313793],[584727,314209],[585465,314284],[585350,314704],[584531,314730],[584117,315321],[584146,315902],[585014,315853],[584292,316497],[584160,316162],[583676,316113],[583264,316155],[583257,316594],[582277,316529],[582192,317743],[581517,318049],[580842,318858],[582026,319101],[582332,319379],[583907,318506],[584194,319145],[583611,319999],[583942,320501],[584518,320286],[584649,321153],[584228,322438],[583863,322923],[583197,322651],[582833,322079],[581869,323147],[580392,322934],[580281,323130],[579729,323102],[579294,325600],[578877,326153],[579263,326521],[579176,327420],[579417,328510],[579696,328549],[579826,331860],[579243,331943],[578709,331716],[578354,332789],[578429,333378],[578901,333677],[579145,334216],[578684,334870],[577669,334514],[577882,335113],[577746,335286],[576784,335303],[576400,335621],[575507,335615],[575089,335348],[574437,335656],[574438,335891],[573724,336137],[573324,335985],[573604,337214],[573457,337869],[572929,338807],[572932,339366],[572506,339277],[572350,340850],[571814,341754],[571582,343324],[572006,343842],[572385,345957],[572665,345850],[573589,347326],[574215,347081],[574714,347182],[575287,346947],[575440,346559],[575829,346630],[576267,345800],[576223,345265],[577033,344827],[578279,344709],[578808,345240],[578449,345603],[579308,345811],[579420,346038],[579951,345913],[580873,346319],[581433,346248],[580895,346676],[580851,347426],[582291,347797],[581764,350046],[582445,349801],[583394,348979],[584685,348921],[584585,349093],[585056,349627],[585700,349682],[585582,349961],[585877,350896],[587047,352671],[587591,352251],[587902,352511],[588489,352136],[588749,352539],[588909,352215],[589183,352279],[589252,352024],[588910,351969],[589029,351436],[590024,350689],[590471,350734],[590579,349913],[591071,349909],[590954,350282],[591325,350687],[592521,350821],[593300,352168],[593952,351737],[596106,352587],[596431,353264],[597295,353021],[597808,353524],[597800,354342],[598068,354348],[598110,354817],[598246,354394],[600021,354231],[600519,353442],[600316,352854],[600661,352292],[601080,352123],[600988,351795],[601229,351670],[600624,350831],[601147,350409],[601144,350089],[601788,350374],[602063,349921],[602447,350100],[602616,349608],[602341,349131],[602500,348716],[604349,348965],[604875,348573],[605154,348774],[606170,348481],[606829,347884],[607617,348582],[607738,348109],[607439,347394],[607844,347146],[607884,346785],[608453,346194],[609024,346083],[609050,345798],[609581,345898],[609969,346343],[610434,346271],[610513,345580],[611077,344594],[610176,343030],[610261,340933],[608358,340983],[607845,339773],[607784,338494],[607030,337952],[606679,338108],[605920,337281],[605896,336149],[605555,336128],[604197,335070],[603903,333714],[603948,332202],[603433,331186],[603822,330787],[603450,329807],[602733,329378],[602313,328739],[602541,327891],[603352,326828],[602938,326067],[603102,325005],[602762,323116],[602911,321028],[602550,320395],[602849,319150],[603294,318063],[604104,317201],[604131,316543],[604957,316545],[605505,315900],[606147,316005],[606111,314808],[606730,314187],[607216,313182],[606993,309866],[604874,310766],[604275,312042],[603780,312521],[602721,312885],[599935,313273],[597390,315390],[594132,316600],[590880,316612],[588630,315815],[587383,314803],[587352,314783]]]]}},{"type":"Feature","id":"701","properties":{"id":"701","name":"Innsbruck-Stadt"},"geometry":{"type":"MultiPolygon","coordinates":[[[[249949,373974],[250139,374190],[249134,374496],[247968,375865],[246632,375884],[246382,376553],[246599,377429],[246460,377773],[246894,379134],[248144,380090],[249101,381284],[248845,381732],[249358,382217],[248828,384530],[249388,384173],[250004,385595],[250880,386413],[252217,385808],[252769,385944],[253402,385340],[254644,385423],[256100,384756],[255928,381889],[254494,381717],[253921,381348],[254944,379972],[255113,379020],[256455,379089],[256316,378848],[257486,378046],[257524,377298],[257164,377126],[257398,376002],[257821,375928],[257786,375494],[258021,375369],[257899,375088],[256933,374825],[256540,374333],[255974,374303],[256130,373687],[254863,373904],[254477,373723],[254593,372823],[255146,372880],[255170,372444],[255557,372366],[255873,371455],[256911,370862],[257746,369889],[257241,369651],[256402,370083],[255992,369948],[255418,370674],[255060,370159],[254807,370637],[254185,370903],[253953,370365],[253477,370331],[253536,369957],[253120,369898],[252819,370319],[252980,370829],[252740,371586],[252980,372103],[252870,372656],[253346,372792],[253232,373307],[252332,373781],[250851,373372],[250424,373585],[250302,373342],[249694,373255],[249923,373975],[249949,373974]]]]}},{"type":"Feature","id":"702","properties":{"id":"702","name":"Imst"},"geometry":{"type":"MultiPolygon","coordinates":[[[[230767,338689],[230706,337581],[229814,337380],[229627,336986],[229910,335665],[229698,334870],[230029,334644],[229029,333490],[228144,331320],[227668,331022],[227850,329594],[227489,329044],[228037,328570],[228429,327228],[227686,326999],[226652,326219],[226376,325713],[225895,325784],[225013,325410],[225375,324940],[224731,324179],[223830,321786],[223824,321213],[223583,321048],[222965,321812],[221366,321291],[220211,321551],[219989,321951],[217624,322338],[216432,322091],[216060,322380],[215453,322241],[214705,321616],[213960,321853],[213511,321232],[212920,321090],[211853,321453],[211784,322183],[210695,322403],[209885,322906],[209780,323296],[209120,323166],[208589,322368],[207730,322621],[206402,324464],[205699,325039],[205062,324456],[203443,323878],[202942,324153],[201369,324311],[201098,325366],[202479,325892],[203087,327216],[203463,327313],[204070,328023],[204728,328182],[205554,329006],[205642,329725],[205130,330970],[205396,331253],[205961,331301],[206362,331864],[206649,333550],[206355,333853],[206606,334453],[206168,335239],[205164,335565],[205306,337031],[205119,337605],[206101,338330],[206069,338864],[206591,339752],[206419,340176],[206720,340752],[205941,341585],[206046,342603],[206646,343112],[207282,345360],[206819,347178],[207147,347981],[207013,348373],[207336,348920],[208415,349170],[208641,350201],[209116,350205],[209137,350756],[208993,351162],[208018,351834],[207675,352508],[207736,354187],[207109,354893],[207198,355342],[206699,356673],[206121,356826],[205806,357377],[204927,357653],[204614,358096],[203070,358409],[201162,361684],[200555,361511],[199836,362527],[200589,362919],[200594,363253],[201124,363664],[200106,363613],[199938,364001],[199449,364160],[199469,363966],[199119,364443],[198721,364312],[198997,364734],[198420,365281],[199212,366962],[199173,369105],[198871,370075],[199065,370439],[198564,370574],[198525,371042],[198131,371510],[198267,372060],[197975,372719],[198060,373100],[197365,373645],[196350,373887],[195652,375472],[195005,375906],[194720,375967],[193898,375450],[193739,374480],[193362,374099],[191369,374764],[191113,375379],[190616,375761],[190865,375932],[190757,377185],[191007,377418],[191002,379050],[190382,379626],[189805,379651],[189468,380407],[189018,380531],[188765,380968],[188992,381233],[190006,381611],[191745,380063],[192435,379721],[193000,379010],[192999,378504],[195251,378441],[197226,377720],[197663,378992],[197547,380563],[196953,380871],[195990,380645],[195930,382135],[195690,382649],[194396,382468],[194632,383004],[194106,384025],[194279,384600],[195162,384860],[196230,384771],[196472,384710],[196666,383938],[197396,383976],[197890,384392],[198143,385023],[199237,385823],[200553,385302],[200762,385909],[200626,386470],[201335,386814],[201282,387727],[201635,388006],[202549,387541],[203556,387806],[203481,387479],[204136,387336],[204426,387774],[204687,387581],[205638,387645],[206072,387916],[205844,388579],[206721,389032],[206470,389632],[206812,390149],[207836,390020],[209177,390438],[210361,390401],[210707,389077],[210369,388687],[212274,386632],[212796,386367],[213392,384900],[214167,384930],[214939,385229],[216442,386481],[217256,386395],[218007,388241],[221638,387882],[222897,387317],[223090,390106],[222886,390260],[222945,390606],[223394,391207],[224361,390931],[225238,391152],[224967,390915],[225155,390680],[224696,388098],[223310,386357],[222997,383962],[223330,381850],[224014,381766],[224170,381514],[225042,381771],[225232,381547],[225118,380956],[225619,381137],[225873,380951],[225986,381151],[226012,380950],[225707,380914],[225886,379826],[227422,380133],[228094,380093],[228661,379681],[228818,379098],[228429,377590],[228952,377004],[228684,376903],[228767,376383],[228524,375789],[228763,375096],[227924,374392],[227963,373830],[228894,372526],[230589,371955],[229545,370508],[228551,370292],[227762,369641],[227415,369705],[226936,369004],[226557,369033],[226239,368648],[226761,366537],[226556,365549],[226839,365221],[227128,363933],[228063,362836],[227664,362470],[227592,361695],[227865,359655],[228359,358598],[228229,358141],[228588,357699],[228787,356851],[230602,354198],[231232,352715],[231763,352548],[231840,352022],[231584,350594],[231034,349529],[230173,348876],[229995,346903],[229482,345694],[230550,344737],[231750,344456],[232935,343648],[233462,343595],[233870,342811],[235051,342982],[235137,341824],[234879,341236],[235276,340682],[234947,340113],[232990,338796],[231222,339289],[230759,338693],[230767,338689]]]]}},{"type":"Feature","id":"703","properties":{"id":"703","name":"Innsbruck-Land"},"geometry":{"type":"MultiPolygon","coordinates":[[[[241525,343740],[240949,343265],[239342,343250],[238289,342537],[238008,343157],[237421,343447],[236776,343357],[235946,342614],[235072,342996],[233870,342811],[233462,343595],[232935,343648],[231750,344456],[230550,344737],[229482,345694],[229995,346903],[230173,348876],[231034,349529],[231584,350594],[231840,352022],[231763,352548],[231232,352715],[230602,354198],[228787,356851],[228588,357699],[228229,358141],[228359,358598],[227865,359655],[227592,361695],[227664,362470],[228063,362836],[227128,363933],[226839,365221],[226556,365549],[226761,366537],[226239,368648],[226557,369033],[226936,369004],[227415,369705],[227762,369641],[228551,370292],[229545,370508],[230589,371955],[228894,372526],[227963,373830],[227924,374392],[228763,375096],[228524,375789],[228767,376383],[228684,376903],[228952,377004],[228429,377590],[228818,379098],[228661,379681],[228094,380093],[227422,380133],[225886,379826],[225707,380914],[226012,380950],[225986,381151],[225873,380951],[225619,381137],[225118,380956],[225232,381547],[225042,381771],[224170,381514],[224014,381766],[223330,381850],[222997,383962],[223310,386357],[224696,388098],[225155,390680],[224967,390915],[225354,391209],[225828,391200],[226131,390793],[226876,391128],[227644,390808],[228637,391074],[231547,390738],[232662,390837],[233343,391280],[233269,392026],[233702,392667],[234685,392851],[235990,393646],[236834,393719],[237668,394132],[239015,394219],[239722,394915],[240791,394504],[242882,394678],[243205,394187],[242193,393248],[241423,391723],[240909,391281],[240766,390818],[240958,390581],[241871,390872],[243831,390959],[244359,390746],[245215,391063],[245905,391783],[246181,393091],[245962,393436],[246035,393981],[246695,394376],[247797,394361],[248347,395106],[248979,395130],[249119,395853],[249686,396426],[250546,396136],[251108,396261],[251625,395811],[252127,395866],[252466,396271],[253436,395954],[255470,395959],[255918,395707],[256052,395294],[256977,394906],[256309,393513],[257127,392771],[257281,392357],[257064,391956],[257624,391677],[258009,391007],[258912,390868],[260337,389542],[261718,389614],[262756,389252],[263340,388404],[262807,386747],[261627,386486],[261297,385390],[262298,385464],[262915,385207],[264364,385793],[267453,384488],[269044,384690],[268720,383786],[269197,383354],[269901,381628],[270529,381588],[270048,381304],[270639,380226],[271460,380494],[272899,378602],[273078,377691],[273892,377079],[274996,375393],[275944,374752],[276289,372397],[276185,371274],[276772,369796],[276624,368573],[275160,367729],[273820,367823],[273651,367028],[274040,366442],[274104,365839],[273445,364876],[274131,364351],[274204,363726],[272810,362722],[272011,361607],[271100,361476],[271165,360059],[271495,359540],[271246,359172],[271123,357463],[271377,356798],[271870,356339],[271652,356089],[272213,355844],[271779,355012],[272775,352565],[272852,351741],[272130,351063],[272229,350549],[271930,349264],[271569,348890],[270473,348668],[270374,347394],[269047,347170],[268252,346579],[267491,346587],[266850,346224],[266852,345675],[265321,344974],[264715,344985],[263759,344328],[263338,344428],[263127,345154],[261847,346141],[261645,346685],[260753,346948],[260852,347209],[259087,347395],[258402,346478],[258368,345661],[257644,345255],[257049,345369],[256256,343665],[254983,342845],[254441,342829],[254305,342559],[253090,342427],[252441,342943],[251639,343087],[251161,344110],[249755,345375],[249298,345227],[248919,345391],[248532,344793],[248239,344762],[247997,345174],[246941,345625],[246019,344731],[245560,344633],[244522,344979],[243676,344411],[242642,344453],[242097,343733],[241533,343747],[241525,343740]],[[256100,384756],[254644,385423],[253402,385340],[252769,385944],[252217,385808],[250880,386413],[250004,385595],[249388,384173],[248828,384530],[249358,382217],[248845,381732],[249101,381284],[248144,380090],[246894,379134],[246460,377773],[246599,377429],[246382,376553],[246632,375884],[247968,375865],[249134,374496],[250139,374190],[249726,373732],[249694,373255],[250302,373342],[250424,373585],[250851,373372],[252332,373781],[253232,373307],[253346,372792],[252870,372656],[252980,372103],[252740,371586],[252980,370829],[252819,370319],[253120,369898],[253536,369957],[253477,370331],[253953,370365],[254185,370903],[254807,370637],[255060,370159],[255418,370674],[255992,369948],[256402,370083],[257241,369651],[257746,369889],[256911,370862],[255873,371455],[255557,372366],[255170,372444],[255146,372880],[254593,372823],[254477,373723],[254863,373904],[256130,373687],[255974,374303],[256540,374333],[256933,374825],[257899,375088],[258021,375369],[257786,375494],[257821,375928],[257398,376002],[257164,377126],[257524,377298],[257486,378046],[256316,378848],[256455,379089],[255113,379020],[254944,379972],[253921,381348],[254494,381717],[255928,381889],[256100,384756],[256100,384756]]]]}},{"type":"Feature","id":"704","properties":{"id":"704","name":"Kitzbühel"},"geometry":{"type":"MultiPolygon","coordinates":[[[[311538,378318],[311109,378190],[310948,377793],[310127,377202],[307924,379271],[307082,378356],[307030,377869],[306510,377490],[306349,376985],[305404,376466],[305149,375841],[304331,376334],[301622,375286],[300668,375212],[299508,375520],[300249,377156],[300167,377583],[300952,379865],[300971,381013],[303252,381696],[304043,382186],[305402,385937],[305999,386527],[305610,387780],[305844,388097],[305274,388792],[305076,390127],[304694,390510],[304799,391469],[304584,392072],[305762,393176],[307191,393102],[307339,393271],[307319,394185],[306325,395665],[306682,396013],[307504,395873],[307722,396173],[307486,396462],[307810,396874],[308356,396905],[308762,396651],[309687,397225],[309981,398062],[309326,398601],[309442,398800],[310901,398856],[310852,399114],[311290,399400],[311128,399671],[311481,399730],[311803,399310],[312233,399484],[313729,398583],[313952,398352],[314055,397263],[314944,396817],[315907,397139],[315842,397320],[316432,397656],[316416,397871],[316879,397645],[317256,397757],[317466,398208],[318338,398235],[319005,397886],[320455,398112],[322270,397513],[323016,397786],[323413,398285],[323435,400066],[323891,400842],[323662,400935],[323289,402147],[323475,402234],[323697,404367],[324001,404859],[323736,405487],[324167,406344],[323864,406534],[323799,407906],[322943,408666],[323158,409212],[322981,409665],[324181,410810],[323914,411174],[323818,412176],[325231,415062],[324321,416042],[324878,416891],[324601,417352],[324859,417469],[324727,418078],[326609,418964],[326626,419520],[326213,419633],[325512,421695],[326374,421877],[326791,421686],[327276,420948],[330120,421850],[332208,422280],[332469,422061],[333028,422143],[333243,421765],[332919,420034],[333053,419772],[333340,419767],[333387,419437],[333949,419092],[334851,417066],[336805,415618],[337379,414300],[338364,414313],[340186,415535],[343086,415044],[342692,413265],[343019,412007],[347985,410662],[348870,410190],[349913,409022],[348808,408036],[348787,407607],[348013,406349],[346995,405807],[348236,404560],[348936,404370],[349424,401467],[349734,400950],[350051,401188],[350247,400239],[352130,398936],[352074,398289],[352304,397796],[351134,397411],[350322,396617],[349703,396364],[348158,396754],[347152,396358],[347246,394921],[347617,394664],[347586,393245],[346787,392499],[346421,391233],[344816,390670],[344516,390087],[344163,389935],[343834,389066],[343096,388388],[342036,388653],[341902,389183],[340588,389029],[340383,388678],[338946,388232],[337625,388625],[337000,387220],[335836,386843],[335576,386074],[335542,385407],[336210,384786],[336072,384009],[336744,383556],[337005,383635],[336735,382331],[336121,382352],[335446,381121],[334799,380837],[332695,381398],[330906,380632],[330293,379759],[328653,379902],[327587,379536],[326455,380278],[325156,380729],[324639,381486],[323397,381189],[323251,381631],[321725,381978],[321348,380860],[319223,378634],[318520,379283],[317991,378753],[317195,378578],[316780,379033],[316687,379721],[316335,379873],[315617,379712],[314992,378684],[314145,378289],[313664,378616],[312879,378516],[312073,378799],[311701,378668],[311693,378351],[311538,378318]]]]}},{"type":"Feature","id":"705","properties":{"id":"705","name":"Kufstein"},"geometry":{"type":"MultiPolygon","coordinates":[[[[299792,381210],[299074,381374],[297514,382815],[297251,382226],[295505,382023],[293948,382702],[293637,383468],[293767,384137],[293547,385606],[292578,385855],[292276,386881],[291045,387657],[290766,388170],[289946,388279],[288128,390191],[287310,389839],[287118,390445],[287240,390916],[285803,390290],[285961,390461],[285666,390589],[285939,390564],[285843,391393],[284767,392216],[284313,392892],[283278,392875],[282400,394041],[283104,395511],[283006,396322],[283958,396493],[284740,397425],[285904,397418],[286569,397937],[286658,399120],[287265,400337],[287241,401996],[286984,402778],[287114,403100],[287793,403209],[287895,403559],[287124,405372],[285200,405353],[285283,405809],[284812,406307],[283826,406356],[284575,407127],[284300,407514],[283163,407478],[282764,407746],[282165,407616],[281291,407894],[281845,408242],[282216,409519],[283062,409838],[282952,411308],[283351,411364],[283983,410961],[285717,410605],[286826,410663],[286969,410284],[288078,410156],[288317,410278],[288930,412495],[289577,412319],[291969,413184],[292497,413082],[293367,413690],[294842,413539],[297468,413993],[298066,413509],[298428,414157],[299828,414426],[300516,414823],[301495,413239],[301998,413250],[302665,413946],[303705,413624],[304425,414051],[305727,413439],[306035,413015],[308507,413165],[309535,412505],[310344,412457],[312144,413331],[313305,413419],[313482,412967],[313219,411920],[313782,412331],[315169,412544],[315502,413285],[314860,416335],[313823,418465],[313633,419386],[312630,420755],[312205,423082],[313784,422982],[314767,423854],[315308,423732],[315488,424073],[317058,424897],[318816,427475],[319368,427632],[319948,426455],[318846,424264],[318560,424078],[318110,422241],[319136,420567],[319734,420433],[321364,421726],[325372,422434],[325150,421947],[325759,421174],[326213,419633],[326630,419497],[326480,418867],[324727,418078],[324859,417469],[324601,417352],[324878,416891],[324321,416042],[325231,415062],[323818,412176],[323914,411174],[324181,410810],[322981,409665],[323158,409212],[322943,408666],[323799,407906],[323864,406534],[324167,406344],[323736,405487],[324001,404859],[323697,404367],[323475,402234],[323289,402147],[323662,400935],[323891,400842],[323435,400066],[323413,398285],[323016,397786],[322270,397513],[320455,398112],[319005,397886],[318338,398235],[317466,398208],[317256,397757],[316879,397645],[316416,397871],[316432,397656],[315842,397320],[315907,397139],[314944,396817],[314055,397263],[313952,398352],[313729,398583],[312233,399484],[311803,399310],[311481,399730],[311128,399671],[311290,399400],[310852,399114],[310901,398856],[309442,398800],[309326,398601],[309981,398062],[309687,397225],[308762,396651],[308356,396905],[307810,396874],[307486,396462],[307722,396173],[307504,395873],[306682,396013],[306325,395665],[307319,394185],[307339,393271],[307191,393102],[305762,393176],[304584,392072],[304799,391469],[304694,390510],[305076,390127],[305274,388792],[305844,388097],[305610,387780],[305999,386527],[305402,385937],[304043,382186],[303252,381696],[301019,381070],[300038,381141],[299792,381210]]]]}},{"type":"Feature","id":"706","properties":{"id":"706","name":"Landeck"},"geometry":{"type":"MultiPolygon","coordinates":[[[[164661,341555],[164715,340158],[164322,339825],[163975,338275],[163373,337665],[163491,337023],[164017,336388],[163645,334707],[163770,334352],[162751,334503],[161566,334254],[160800,334488],[159863,333310],[159074,333137],[158855,332812],[158372,332868],[157838,332544],[157751,332819],[157020,332925],[156627,334801],[156903,335091],[156858,335560],[155364,336455],[154471,337923],[154538,339413],[153871,340387],[153812,341550],[154408,341737],[154895,342549],[155546,342635],[156051,343251],[156719,344460],[156776,345718],[156982,346428],[157441,346813],[157349,347149],[157607,347625],[158025,347452],[158767,347663],[158374,348558],[158806,349304],[158441,350038],[156829,350842],[156151,351995],[157795,353201],[158669,354263],[158830,354859],[158430,356317],[157995,356225],[157206,356596],[157146,358558],[158815,361047],[159235,362171],[159584,362026],[160356,362740],[161395,362620],[161421,363662],[163183,363896],[163277,364066],[162764,364500],[162777,365109],[163634,365214],[164214,365875],[164235,366205],[163572,366759],[164504,366182],[165528,366498],[166211,366402],[166518,366641],[168481,366789],[169259,367338],[169664,367230],[170227,368107],[170663,368259],[171208,368327],[171390,368091],[173080,368377],[174495,368172],[175435,369321],[176373,368981],[177472,368020],[178838,368392],[180098,370903],[181367,372376],[180786,373243],[181326,373898],[181598,373593],[182036,374178],[181702,374382],[182091,374840],[184088,375691],[185402,374619],[185864,374707],[186648,374369],[188072,374810],[188958,374241],[189328,374422],[189852,375941],[190290,375890],[191113,375379],[191707,374518],[193362,374099],[193739,374480],[193898,375450],[194720,375967],[195652,375472],[196350,373887],[197014,373794],[197994,373190],[198267,372060],[198131,371510],[198525,371042],[198564,370574],[199065,370439],[198871,370075],[199173,369105],[199253,367339],[198420,365281],[198997,364734],[198721,364312],[199119,364443],[199469,363966],[199449,364160],[199938,364001],[200106,363613],[201124,363664],[200594,363253],[200589,362919],[199836,362527],[200555,361511],[201162,361684],[203070,358409],[204614,358096],[204927,357653],[205806,357377],[206121,356826],[206699,356673],[207198,355342],[207109,354893],[207736,354187],[207675,352508],[208239,351605],[208993,351162],[209204,350413],[209116,350205],[208641,350201],[208415,349170],[207336,348920],[207013,348373],[207147,347981],[206819,347178],[207282,345360],[206646,343112],[206046,342603],[205941,341585],[206720,340752],[206419,340176],[206591,339752],[206069,338864],[206101,338330],[205119,337605],[205306,337031],[205164,335565],[206168,335239],[206587,334772],[206355,333853],[206632,333350],[206443,333191],[206362,331864],[205961,331301],[205396,331253],[205130,330970],[205650,329584],[205542,328972],[204728,328182],[204070,328023],[203432,329205],[202053,329402],[201687,329807],[200944,329824],[200484,330427],[200568,330857],[199567,330910],[198786,331567],[199113,332623],[198642,333211],[197284,333555],[196916,334142],[195833,333204],[193633,333038],[192473,332428],[191373,332310],[190935,331552],[190024,331349],[189387,330715],[187533,330221],[188348,331261],[188066,331621],[185647,331196],[183606,331633],[183727,332013],[183355,331789],[183395,332037],[182649,332406],[182788,332545],[182482,332831],[181773,332394],[181677,333198],[181970,334394],[181848,335304],[181516,335669],[182349,336752],[182678,338553],[183282,339072],[183485,340268],[183277,340850],[183611,341543],[182624,341940],[182088,342635],[181097,343314],[180614,343270],[178903,343890],[178585,344287],[178995,345929],[177953,346742],[176965,348362],[176266,348794],[175810,348672],[174913,347750],[173624,347987],[172968,347704],[172809,346985],[172437,346804],[172479,346476],[171566,344943],[171394,343804],[169974,343440],[169838,343118],[169688,342332],[170485,341279],[170376,340641],[169212,340628],[168893,340117],[168464,340502],[166650,341193],[164676,341553],[164661,341555]]]]}},{"type":"Feature","id":"707","properties":{"id":"707","name":"Lienz"},"geometry":{"type":"MultiPolygon","coordinates":[[[[340180,306881],[338492,308142],[338458,308591],[337534,309099],[336779,309018],[336452,309333],[335988,308930],[334875,308951],[334312,310042],[333460,310028],[332205,310446],[331932,310255],[330865,310954],[330795,311431],[329748,311657],[329465,312254],[328858,312366],[327493,313408],[327009,314077],[326879,315205],[326386,316098],[325539,319949],[325083,320185],[324409,320093],[321873,321107],[321482,320881],[320995,321057],[319940,320907],[319671,321912],[320245,322240],[320251,322869],[320605,323088],[319911,324465],[320370,325228],[321691,326475],[321769,327364],[320923,327655],[321011,328094],[320658,328328],[320458,329131],[320667,330041],[319461,330889],[319649,331597],[319313,332193],[318746,332537],[318287,332460],[316893,332944],[316441,332713],[316484,332343],[316158,331824],[315811,331601],[315375,331743],[315083,331082],[314855,331101],[313939,332549],[313671,332604],[313816,332834],[313477,333224],[313685,333573],[312998,334697],[312251,334918],[311959,334783],[311436,335167],[310805,334819],[309467,335602],[310161,335967],[310813,337330],[311328,337738],[311400,338187],[310626,339669],[309097,340356],[308610,341098],[309006,341357],[309156,343188],[308349,343593],[308601,344446],[307903,345884],[308181,346525],[309937,347948],[311208,347259],[312425,347975],[314288,348101],[314902,349792],[315225,350111],[315239,351622],[316792,352330],[317092,352761],[318669,353134],[320394,355314],[322281,355355],[322638,356437],[323575,356927],[325111,357111],[326113,357934],[326495,360663],[329259,361898],[330631,360718],[331123,360872],[331918,361609],[333146,360840],[334255,360901],[335489,361669],[335633,362385],[336742,362218],[338508,361551],[338976,360104],[340272,359116],[340851,358970],[341890,359894],[342832,359414],[343491,359439],[343839,358636],[346127,357976],[347583,356240],[348714,355773],[349597,354867],[350156,354696],[351028,353402],[351952,352779],[352743,350062],[353230,349510],[355160,349300],[356165,349720],[356949,349584],[357427,349105],[356195,348377],[356093,347416],[355126,346276],[354631,346109],[354750,345091],[353769,344202],[354844,342305],[355255,340271],[355706,339839],[356393,339828],[357150,338508],[358422,337919],[358152,337068],[359354,336135],[360966,335814],[361101,335373],[362258,334884],[362360,334603],[361846,333591],[362614,332713],[362731,330532],[362534,329157],[364821,327793],[365225,327306],[365976,327083],[366539,325999],[366415,325576],[366834,325077],[368069,324720],[368854,323933],[371023,322449],[371746,322245],[371922,321952],[371853,320699],[371039,320352],[370534,319722],[370382,318946],[369359,318344],[368209,318686],[367762,319268],[366920,319781],[365335,318301],[363660,317946],[362460,316750],[361844,316636],[361319,317037],[360361,316721],[360280,317427],[360073,317538],[358867,317354],[358630,317566],[358329,317095],[356037,316899],[354600,315881],[353573,316158],[353078,315858],[352555,315301],[352752,314785],[352337,313012],[353275,311660],[352043,311935],[350822,311646],[351068,311491],[351128,310585],[351015,310104],[350543,309670],[350672,309191],[350364,309136],[350846,308558],[350670,308353],[350944,307423],[350871,306569],[348371,306623],[347799,306160],[347123,306049],[346507,306387],[346315,307100],[345410,307162],[344212,306536],[342279,306631],[341560,306031],[340966,306164],[340793,306709],[340201,306869],[340180,306881]]]]}},{"type":"Feature","id":"708","properties":{"id":"708","name":"Reutte"},"geometry":{"type":"MultiPolygon","coordinates":[[[[181743,374345],[182036,374178],[181598,373593],[181326,373898],[180786,373243],[181367,372376],[180098,370903],[178838,368392],[177472,368020],[176373,368981],[175435,369321],[174495,368172],[173080,368377],[171390,368091],[171208,368327],[170663,368259],[170227,368107],[169664,367230],[169259,367338],[168481,366789],[166518,366641],[166211,366402],[165528,366498],[164504,366182],[163188,366949],[163514,368290],[162680,369488],[162488,370604],[162513,370893],[163757,371945],[163882,373040],[163850,374169],[163522,374397],[163689,374684],[163485,375082],[162956,375208],[162766,375636],[163833,376814],[164318,376722],[164786,376988],[164685,377391],[161115,378681],[161549,379442],[162729,379644],[163216,380045],[164814,379862],[165540,379242],[165991,379381],[166583,380297],[166799,380147],[167643,380372],[168158,380769],[168146,381094],[169342,381005],[170178,381722],[170452,382316],[170887,382165],[172064,383016],[172603,382870],[172642,382670],[173093,382759],[173800,383368],[173917,383780],[174528,384087],[174337,384624],[175203,385856],[175235,386259],[177550,388343],[177778,389787],[178258,390437],[179678,390713],[180184,391368],[181019,391258],[181446,390844],[180922,392069],[181344,393030],[181130,393348],[181613,393783],[181530,394253],[183072,395105],[183335,396087],[184619,396554],[184448,397708],[183940,398828],[184142,399465],[183954,400038],[184316,400567],[184082,401103],[184198,401502],[183900,402142],[183433,402137],[182992,402510],[182311,402415],[181547,404565],[182282,405620],[182426,406203],[182187,406738],[183502,410279],[183945,409909],[184829,409709],[186032,408474],[188690,407794],[191283,407942],[191652,407572],[192186,407480],[193048,409062],[192967,409920],[193696,410355],[194348,411437],[195114,410970],[195924,411063],[196430,410394],[197073,410152],[200217,410039],[200314,409728],[201300,409977],[201519,408413],[202596,408258],[203283,407615],[204981,407607],[206288,407110],[206675,406405],[206613,405465],[207642,404776],[209016,405540],[210307,405372],[210369,406078],[211768,406248],[212275,405907],[213439,406895],[216211,407102],[216370,406316],[217204,404932],[218071,405047],[218234,404875],[218212,404404],[216144,403798],[214706,403042],[214463,401263],[215124,400691],[217515,401305],[219339,400934],[219620,400653],[218888,399886],[218933,399557],[221026,397415],[222871,394965],[222919,393964],[222594,393675],[221929,393576],[221692,392978],[221783,391669],[223329,391183],[222887,390325],[223090,390106],[222897,387317],[221638,387882],[218007,388241],[217256,386395],[216442,386481],[214939,385229],[213392,384900],[212796,386367],[212274,386632],[210369,388687],[210707,389077],[210308,390450],[209768,390284],[209177,390438],[207836,390020],[206812,390149],[206470,389632],[206721,389032],[205844,388579],[206072,387916],[205638,387645],[204687,387581],[204426,387774],[204136,387336],[203481,387479],[203530,387812],[202549,387541],[202011,387688],[201725,388055],[201319,387831],[201374,386905],[200626,386470],[200762,385909],[200553,385302],[199237,385823],[198143,385023],[197804,384297],[197050,383912],[196666,383938],[196472,384710],[196230,384771],[195162,384860],[194279,384600],[194106,384025],[194632,383004],[194396,382468],[195690,382649],[195930,382135],[195990,380645],[196953,380871],[197547,380563],[197663,378992],[197226,377720],[195251,378441],[192999,378504],[193000,379010],[192435,379721],[191745,380063],[190006,381611],[188765,380968],[189018,380531],[189468,380407],[189805,379651],[190382,379626],[191002,379050],[191007,377418],[190757,377185],[190865,375932],[190616,375761],[189852,375941],[189328,374422],[188958,374241],[188072,374810],[186648,374369],[185864,374707],[185402,374619],[184088,375691],[182091,374840],[181726,374350],[181743,374345]]],[[[183466,410260],[183184,410241],[182856,411576],[181958,411868],[181682,412772],[182169,412954],[181994,413202],[182316,413483],[183717,413258],[184776,413717],[184991,413433],[185693,413389],[185454,412970],[184825,412891],[184969,411815],[184513,411573],[183469,410262],[183466,410260]]]]}},{"type":"Feature","id":"709","properties":{"id":"709","name":"Schwaz"},"geometry":{"type":"MultiPolygon","coordinates":[[[[272806,352237],[271779,355012],[272213,355844],[271652,356089],[271870,356339],[271377,356798],[271123,357463],[271246,359172],[271495,359540],[271165,360059],[271100,361476],[272011,361607],[272810,362722],[274204,363726],[274131,364351],[273445,364876],[274104,365839],[274040,366442],[273651,367028],[273820,367823],[275160,367729],[276624,368573],[276772,369796],[276185,371274],[276289,372397],[275944,374752],[274996,375393],[273892,377079],[273078,377691],[272899,378602],[271460,380494],[270639,380226],[270048,381304],[270529,381588],[269901,381628],[269197,383354],[268720,383786],[269044,384690],[267453,384488],[264364,385793],[262915,385207],[262298,385464],[261297,385390],[261627,386486],[262807,386747],[263340,388404],[263125,388765],[262756,389252],[261906,389591],[260337,389542],[258912,390868],[258035,390987],[257624,391677],[257064,391956],[257259,392548],[256309,393513],[256977,394906],[255837,395554],[255224,396989],[255074,398160],[253693,398191],[253159,398826],[253713,399910],[254036,399912],[254997,400813],[255713,402097],[257678,403790],[258189,402586],[258691,402768],[261075,402714],[261204,402499],[261933,402509],[262423,402207],[262945,402376],[263415,402881],[264546,402618],[265918,403088],[267474,403177],[267857,403804],[268683,404366],[268555,406591],[268865,407289],[268664,407620],[269674,408906],[270151,410519],[270682,410365],[271198,410863],[272237,410422],[272041,410934],[272440,411956],[272853,411828],[272995,411369],[273443,411476],[274099,410770],[274524,410703],[275203,410895],[275832,410700],[277266,411240],[280655,411032],[282900,411285],[283062,409838],[282216,409519],[281845,408242],[281261,407818],[284300,407514],[284575,407127],[283826,406356],[284812,406307],[285283,405809],[285200,405353],[287124,405372],[287895,403559],[287793,403209],[287114,403100],[286984,402778],[287241,401996],[287265,400337],[286658,399120],[286569,397937],[285904,397418],[284740,397425],[283958,396493],[283006,396322],[282964,394988],[282394,394050],[283278,392875],[284313,392892],[284767,392216],[285843,391393],[285939,390564],[285666,390589],[285961,390461],[285803,390290],[287240,390916],[287118,390445],[287310,389839],[288128,390191],[289946,388279],[290766,388170],[291045,387657],[292276,386881],[292578,385855],[293547,385606],[293767,384137],[293637,383468],[293948,382702],[295505,382023],[297251,382226],[297514,382815],[299074,381374],[301019,381070],[300952,379865],[300167,377583],[300249,377156],[299508,375520],[300668,375212],[301622,375286],[304331,376334],[305149,375841],[305015,375040],[306086,374108],[306948,373757],[306964,373237],[307552,372033],[307190,371547],[306901,371512],[306158,369677],[305617,369187],[305900,368265],[305248,366577],[305781,364911],[305517,364219],[305965,363838],[306038,363426],[306035,361459],[307423,360613],[307607,358741],[308372,357819],[308700,356904],[308359,355491],[309153,354112],[308966,353791],[307850,353350],[306651,353927],[305950,353794],[305629,353265],[305015,352920],[304615,351807],[303310,351788],[303055,352081],[302145,352131],[301443,351734],[301134,350947],[300350,350575],[298407,350875],[297675,350610],[297208,350949],[296762,350650],[296363,349907],[295397,350195],[294732,349150],[293671,349625],[292414,349160],[292231,348662],[290761,347779],[290557,347325],[289603,347323],[289127,346653],[288679,346835],[288067,346433],[287457,345577],[286899,345761],[286213,344811],[285554,344843],[284619,344498],[283752,344720],[282649,344561],[282075,344832],[282001,344452],[281322,343960],[280801,342753],[279773,342566],[279379,342264],[277913,342686],[277665,343540],[276728,345028],[275872,344971],[274992,345316],[273170,344937],[272795,345346],[270929,346255],[270374,347394],[270473,348668],[271569,348890],[271930,349264],[272229,350549],[272130,351063],[272850,351759],[272806,352237]]]]}},{"type":"Feature","id":"801","properties":{"id":"801","name":"Bludenz"},"geometry":{"type":"MultiPolygon","coordinates":[[[[138229,350389],[137093,351059],[136915,351435],[136966,351811],[137685,352243],[137393,352701],[136150,352977],[135584,352246],[134687,352143],[134578,351873],[134303,351872],[133384,352729],[132190,353195],[131750,353830],[131041,354151],[130547,354930],[127743,354885],[127300,355545],[125509,355706],[124684,356265],[124758,356902],[123989,356780],[123293,357129],[122849,357555],[122847,357914],[121034,357564],[120044,357788],[119730,357152],[119060,356887],[117899,357206],[117393,357707],[117167,358037],[117696,358981],[117603,360090],[118140,359923],[118531,360391],[119295,360455],[119470,361247],[119451,362422],[119040,363151],[118625,363219],[118475,363512],[118851,364449],[119641,365408],[118887,365949],[118774,366930],[119043,367417],[118623,368471],[119035,369265],[118784,370145],[119235,371047],[119726,371399],[119461,372328],[120330,374193],[120168,374352],[120311,374685],[121026,373559],[120743,373104],[120954,372650],[121742,372459],[122099,372629],[121990,373700],[121224,374098],[121544,374428],[121231,374339],[121327,373977],[121025,373581],[120335,374596],[120507,375024],[120969,374848],[121339,375132],[121577,374916],[121759,375106],[123163,373399],[125525,372553],[126836,373832],[127520,373612],[128280,373765],[128514,374249],[129060,374390],[128884,375714],[129411,377056],[130048,376715],[131133,377422],[131951,377359],[132648,377956],[131731,378603],[131391,379256],[132106,379376],[132642,379788],[133663,379763],[134836,378613],[135202,379461],[135539,379723],[136027,379599],[136813,380169],[136796,380649],[137116,381060],[137710,380919],[138769,381189],[140078,381158],[141452,381780],[141938,381715],[143477,382855],[144137,380996],[145091,380575],[145445,380566],[145740,380935],[145844,380449],[145576,380152],[145800,379789],[146349,379639],[147563,379817],[148368,380330],[149445,379616],[150781,378163],[151292,377248],[151833,377045],[153104,377174],[153155,376167],[152613,375487],[152797,375128],[154085,374790],[154488,374995],[154755,374752],[155395,374766],[155936,376103],[156966,376291],[157592,375981],[157313,376511],[157646,376793],[157657,377128],[158275,377439],[158984,376923],[159729,377371],[160927,376577],[162321,376357],[162761,376069],[162751,375465],[163485,375082],[163689,374684],[163522,374397],[163850,374169],[163882,373040],[163757,371945],[162513,370893],[162537,370229],[162962,368871],[163514,368290],[163188,366949],[164235,366205],[164204,365829],[163634,365214],[162777,365109],[162764,364500],[163277,364066],[163182,363895],[161421,363662],[161395,362620],[160356,362740],[159584,362026],[159235,362171],[158815,361047],[157146,358558],[157206,356596],[157995,356225],[158430,356317],[158830,354859],[158669,354263],[157795,353201],[156151,351995],[156829,350842],[158441,350038],[158806,349304],[158374,348558],[158767,347663],[158025,347452],[157607,347625],[157349,347149],[157441,346813],[156982,346428],[156776,345718],[156719,344460],[156051,343251],[155546,342635],[154895,342549],[154408,341737],[153812,341550],[153871,340387],[154538,339413],[154471,337923],[155364,336455],[156858,335560],[156903,335091],[156627,334801],[156925,333875],[156894,332681],[155343,332714],[155021,332247],[153941,331929],[152985,333139],[153069,333872],[152685,334238],[150561,334281],[149939,334660],[150055,336079],[149349,336520],[149136,337126],[148604,337392],[148206,338277],[147575,338951],[146656,338677],[145470,339129],[144904,339575],[144603,340666],[143726,340296],[143174,340743],[142171,340378],[141499,340515],[140332,341179],[139666,342013],[139206,341949],[138365,342679],[136956,343087],[137331,343680],[137020,343760],[136939,344841],[137264,345569],[136687,346278],[137077,346738],[137116,347421],[137824,348190],[137868,348701],[138427,349062],[138244,350383],[138229,350389]]]]}},{"type":"Feature","id":"802","properties":{"id":"802","name":"Bregenz"},"geometry":{"type":"MultiPolygon","coordinates":[[[[124120,401865],[123193,401210],[122182,401734],[120583,401953],[119470,403526],[119041,402629],[118504,402680],[117521,405011],[116163,406379],[116130,407467],[129360,410137],[129391,411524],[129920,412412],[130328,412482],[130068,412837],[130763,413776],[130478,414130],[131091,414309],[131149,415119],[131580,415241],[131493,415530],[131713,415840],[131903,415712],[131892,416127],[132165,415924],[132773,416791],[133854,416529],[134684,416760],[135538,415846],[136254,415708],[136479,414755],[136337,414222],[135942,413913],[136281,412737],[135559,411948],[135452,411355],[136372,411201],[136502,410937],[137573,410551],[137934,410611],[138588,409680],[139339,409441],[139769,409033],[139749,409595],[140088,410150],[139891,410673],[140374,411187],[140945,410699],[141713,410752],[142253,410441],[142729,409349],[143338,408998],[144230,409293],[144825,409887],[146503,409421],[146209,409823],[146183,410374],[146506,410266],[146892,410702],[147088,410622],[146611,409789],[146605,408908],[146829,408662],[146558,407887],[148762,405773],[148115,405321],[148636,403941],[149045,403461],[150716,403608],[151838,404129],[152384,403933],[153031,402604],[152824,402067],[152939,401600],[153770,401206],[154133,400335],[154929,400237],[155277,400642],[155627,400769],[155775,400605],[155989,399584],[155858,398545],[156689,397199],[155926,396506],[155746,395926],[155106,395686],[154258,395746],[153856,395253],[155097,394015],[154813,393395],[155914,389005],[157481,391259],[159124,390254],[160961,390367],[161251,390625],[161303,392239],[161839,392154],[162208,392360],[162272,392932],[163259,392550],[163590,391871],[164224,391801],[164537,391503],[165667,392406],[166328,391594],[165970,391287],[166360,390670],[165348,389071],[164752,388598],[164749,388117],[163711,386682],[163931,386179],[163308,385554],[164151,384691],[164483,383794],[164162,383770],[164068,383280],[163146,382341],[162418,381973],[161668,382235],[161280,381497],[161327,380694],[161023,380376],[161244,379999],[161033,379824],[161131,379389],[161456,379361],[161115,378681],[162444,378325],[162773,377929],[164506,377518],[164786,376988],[164344,376727],[163731,376744],[162771,375578],[162820,375972],[162544,376249],[160927,376577],[159791,377351],[158984,376923],[158055,377403],[157313,376511],[157592,375981],[156966,376291],[155936,376103],[155395,374766],[154755,374752],[154488,374995],[154085,374790],[152647,375205],[152613,375487],[153155,376167],[153104,377174],[151833,377045],[151292,377248],[150781,378163],[149445,379616],[148368,380330],[147563,379817],[146349,379639],[145800,379789],[145576,380152],[145844,380449],[145740,380935],[145445,380566],[145091,380575],[144137,380996],[143477,382855],[141938,381715],[141452,381780],[140078,381158],[138769,381189],[137710,380919],[137116,381060],[136796,380649],[136807,380166],[135990,380263],[135194,380681],[135078,381398],[134749,381751],[136646,382911],[136458,384013],[135076,384307],[134339,385071],[134423,385717],[135161,386441],[134575,386635],[134506,387474],[135094,387614],[134060,388930],[135174,389870],[136660,390455],[135904,391375],[136401,391985],[136390,392383],[135900,392397],[135994,392773],[135638,392939],[135391,393624],[134615,394198],[134403,395641],[134058,395871],[133709,396679],[133778,397703],[133960,397965],[134381,397955],[134175,398461],[134692,399102],[134747,399599],[133962,400221],[133117,399780],[132038,400069],[131976,399881],[131288,399802],[130726,399201],[128804,400118],[128137,400706],[127100,400831],[126280,400630],[124978,401828],[124922,402410],[124121,401865],[124120,401865]]]]}},{"type":"Feature","id":"803","properties":{"id":"803","name":"Dornbirn"},"geometry":{"type":"MultiPolygon","coordinates":[[[[124686,389448],[123522,389205],[123309,390176],[122929,390507],[123118,391087],[122005,391928],[122996,392285],[123925,393665],[123866,394641],[122960,395231],[122358,396048],[122345,397884],[121969,399334],[122134,399913],[123066,400817],[123193,401210],[124922,402410],[124978,401828],[126280,400630],[127100,400831],[128137,400706],[128804,400118],[130726,399201],[131288,399802],[131976,399881],[132038,400069],[133117,399780],[133962,400221],[134496,399939],[134747,399599],[134692,399102],[134175,398461],[134381,397955],[133818,397808],[133709,396679],[134058,395871],[134403,395641],[134615,394198],[135391,393624],[135638,392939],[135994,392773],[135900,392397],[136390,392383],[136401,391985],[135904,391375],[136660,390455],[135174,389870],[134060,388930],[135094,387614],[134506,387474],[134575,386635],[135161,386441],[134558,385916],[134306,385206],[135076,384307],[136458,384013],[136646,382911],[135296,382068],[134321,382820],[132618,382998],[132094,383574],[131839,384574],[130961,384815],[130050,384667],[129208,385183],[128512,386698],[127898,387156],[127844,387818],[127352,388175],[127732,388915],[127502,388893],[127420,389210],[126744,388381],[126075,389253],[125611,389420],[125353,389192],[124691,389449],[124686,389448]]]]}},{"type":"Feature","id":"804","properties":{"id":"804","name":"Feldkirch"},"geometry":{"type":"MultiPolygon","coordinates":[[[[120149,373757],[119461,372328],[119726,371399],[119235,371047],[118784,370145],[119035,369265],[118623,368471],[118674,368075],[118212,367665],[117755,367687],[117332,368132],[116930,369410],[115664,370388],[114538,370346],[115210,370906],[115251,372596],[115860,373120],[116259,374166],[115101,375830],[114368,376347],[114122,376180],[113853,376331],[115120,378286],[114587,379262],[113131,380550],[113173,380966],[112518,381607],[113736,382599],[114614,384601],[116580,385924],[117096,386577],[118109,389630],[118564,390294],[120107,391873],[122005,391928],[123118,391087],[122929,390507],[123309,390176],[123522,389205],[124691,389449],[125353,389192],[125611,389420],[126075,389253],[126744,388381],[127420,389210],[127502,388893],[127732,388915],[127352,388175],[127844,387818],[127898,387156],[128512,386698],[129208,385183],[130050,384667],[130961,384815],[131839,384574],[132094,383574],[132483,383098],[134822,382563],[135296,382068],[134703,381596],[135078,381398],[135194,380681],[136622,380211],[136027,379599],[135539,379723],[135202,379461],[134836,378613],[133663,379763],[132642,379788],[132106,379376],[131391,379256],[131731,378603],[132648,377956],[131951,377359],[131133,377422],[130048,376715],[129411,377056],[128884,375714],[129060,374390],[128514,374249],[128280,373765],[127520,373612],[126836,373832],[125525,372553],[123163,373399],[121759,375106],[121577,374916],[121339,375132],[120969,374848],[120507,375024],[120321,374643],[121025,373581],[121327,373977],[121231,374339],[121544,374428],[121224,374098],[121990,373700],[122095,372622],[121742,372459],[120954,372650],[120743,373104],[121026,373559],[120311,374685],[120132,373762],[120149,373757]]]]}},{"type":"Feature","id":"900","properties":{"id":"900","name":"Wien(Stadt)"},"geometry":{"type":"MultiPolygon","coordinates":[[[[617342,474163],[616621,474263],[614771,473369],[614463,473534],[614693,473845],[616202,474344],[616009,474647],[616167,474911],[614862,474684],[614765,475137],[613999,475995],[614290,476411],[614969,476649],[613492,476853],[613108,476686],[612917,477771],[611820,478528],[613095,480249],[613591,482066],[613176,482324],[613727,482882],[612829,483366],[612604,483945],[612793,484322],[611856,484324],[612687,485096],[612868,484959],[612892,485213],[612390,485626],[612396,486581],[612574,487321],[613242,488051],[613345,488907],[615899,487273],[615645,486641],[615978,486157],[617090,486373],[617220,487066],[617595,487168],[618064,487751],[617579,488065],[619083,488453],[619769,489157],[619552,489449],[619153,489480],[619531,489968],[620193,490209],[620609,490051],[621683,490810],[622299,490723],[622526,491144],[623465,491699],[623156,492065],[623663,492253],[624091,491514],[625366,491342],[625087,491903],[625885,492109],[625936,492516],[625673,492937],[625962,493625],[626438,493615],[625971,494834],[626037,495311],[626283,495579],[626596,495545],[626702,495918],[627010,495953],[626946,495583],[627606,495331],[627694,495620],[628746,496033],[630190,495439],[630497,492682],[632929,491052],[633607,490750],[633747,491453],[633514,492983],[634649,492913],[636048,492196],[635492,490846],[636056,490582],[635976,490225],[637290,489676],[637902,489903],[638530,489791],[638061,487529],[638714,487540],[638698,487270],[639067,487143],[638638,484455],[638022,482810],[638471,481827],[638227,480920],[638519,480787],[638209,480824],[638129,480267],[638481,479861],[638148,479941],[638778,479772],[638484,480174],[639108,480253],[639221,479665],[638935,479586],[639444,478598],[639686,478569],[639627,478873],[640089,478437],[640557,478817],[641088,478640],[640981,477896],[641307,477481],[641276,475688],[638770,476494],[636749,478085],[635412,477782],[635029,478056],[634652,477636],[633860,477855],[633837,477488],[632223,475761],[630640,475550],[631009,473568],[629945,473875],[629777,473597],[629124,473541],[629217,473309],[628881,473258],[628627,473702],[625084,474391],[622572,475224],[622174,473737],[621830,473839],[621698,473150],[620688,473765],[620618,474226],[619576,474261],[618610,474635],[617352,474164],[617342,474163]]]]}},{"type":"Feature","id":"901","properties":{"id":"901","name":"Wien  1.,Innere Stadt"},"geometry":{"type":"MultiPolygon","coordinates":[[[[625572,482340],[625380,482201],[624540,483178],[624613,483820],[624907,483772],[625608,484320],[626125,483671],[626734,483570],[626169,482320],[625603,482343],[625572,482340]]]]}},{"type":"Feature","id":"902","properties":{"id":"902","name":"Wien  2.,Leopoldstadt"},"geometry":{"type":"MultiPolygon","coordinates":[[[[626760,483644],[626042,483734],[625472,484482],[625379,485047],[626107,485572],[626655,485206],[626904,485447],[626791,485688],[627607,486385],[630616,483279],[635365,479010],[635134,478758],[629702,481167],[628387,482479],[627763,482731],[627379,483680],[626763,483646],[626760,483644]]]]}},{"type":"Feature","id":"903","properties":{"id":"903","name":"Wien  3.,Landstraße"},"geometry":{"type":"MultiPolygon","coordinates":[[[[626554,481017],[626064,482275],[626752,483637],[627085,483786],[627450,483600],[627805,482690],[628375,482488],[628895,481794],[630274,480927],[630070,480788],[629479,481000],[628932,480519],[628310,480777],[627795,479609],[626545,480977],[626554,481017]]]]}},{"type":"Feature","id":"904","properties":{"id":"904","name":"Wien  4.,Wieden"},"geometry":{"type":"MultiPolygon","coordinates":[[[[625577,480583],[624902,481869],[625543,482333],[626064,482275],[626545,480977],[625580,480579],[625577,480583]]]]}},{"type":"Feature","id":"905","properties":{"id":"905","name":"Wien  5.,Margareten"},"geometry":{"type":"MultiPolygon","coordinates":[[[[624963,480082],[624262,479898],[623628,480903],[624385,481106],[624566,481720],[624888,481893],[625661,480466],[624968,480085],[624963,480082]]]]}},{"type":"Feature","id":"906","properties":{"id":"906","name":"Wien  6.,Mariahilf"},"geometry":{"type":"MultiPolygon","coordinates":[[[[624332,481074],[623430,480877],[623405,481715],[625037,482536],[625377,482218],[624590,481751],[624335,481076],[624332,481074]]]]}},{"type":"Feature","id":"907","properties":{"id":"907","name":"Wien  7.,Neubau"},"geometry":{"type":"MultiPolygon","coordinates":[[[[623385,481821],[623297,483128],[624598,482992],[625037,482536],[624004,481911],[623388,481809],[623385,481821]]]]}},{"type":"Feature","id":"908","properties":{"id":"908","name":"Wien  8.,Josefstadt"},"geometry":{"type":"MultiPolygon","coordinates":[[[[624108,482918],[623297,483128],[623449,483867],[624613,483820],[624598,482992],[624123,482917],[624108,482918]]]]}},{"type":"Feature","id":"909","properties":{"id":"909","name":"Wien  9.,Alsergrund"},"geometry":{"type":"MultiPolygon","coordinates":[[[[623798,483896],[623449,483867],[623621,484596],[624000,484811],[624104,485570],[624536,486239],[624897,486274],[625608,484320],[624907,483772],[623813,483899],[623798,483896]]]]}},{"type":"Feature","id":"910","properties":{"id":"910","name":"Wien 10.,Favoriten"},"geometry":{"type":"MultiPolygon","coordinates":[[[[625346,476800],[623646,477030],[623008,478087],[623377,478954],[623958,478849],[624131,479077],[623669,479564],[626549,480979],[630363,476592],[630869,475570],[630639,475547],[630641,474864],[631009,473568],[629945,473875],[629777,473597],[629124,473541],[629217,473309],[628881,473258],[628627,473702],[625682,474300],[626024,475949],[626238,475844],[626434,476457],[625351,476800],[625346,476800]]]]}},{"type":"Feature","id":"911","properties":{"id":"911","name":"Wien 11.,Simmering"},"geometry":{"type":"MultiPolygon","coordinates":[[[[628906,478329],[627662,479614],[628306,480774],[628932,480519],[629479,481000],[630070,480788],[630287,480923],[632951,479882],[636541,478130],[635412,477782],[635029,478056],[634652,477636],[633862,477856],[633837,477488],[632310,475817],[630869,475570],[630363,476592],[628988,478231],[628906,478329]]]]}},{"type":"Feature","id":"912","properties":{"id":"912","name":"Wien 12.,Meidling"},"geometry":{"type":"MultiPolygon","coordinates":[[[[622281,477385],[620951,477678],[620476,477207],[620124,477335],[620344,477813],[620030,477854],[620337,478781],[620678,479032],[621198,478805],[622035,480546],[622902,480359],[623628,480903],[624262,479898],[623669,479564],[624131,479077],[623958,478849],[623377,478954],[623008,478087],[623300,477643],[622941,477198],[622282,477386],[622281,477385]]]]}},{"type":"Feature","id":"913","properties":{"id":"913","name":"Wien 13.,Hietzing"},"geometry":{"type":"MultiPolygon","coordinates":[[[[615053,476638],[613492,476853],[613108,476686],[612917,477771],[611820,478528],[613095,480249],[613620,482150],[614024,482606],[614970,482064],[615459,482083],[615684,482338],[616782,482039],[618141,481216],[622035,480546],[621198,478805],[620678,479032],[620337,478781],[620001,477390],[619701,477182],[619541,477498],[619114,477523],[619088,477861],[618662,477086],[617588,477542],[615494,476255],[615074,476635],[615053,476638]]]]}},{"type":"Feature","id":"914","properties":{"id":"914","name":"Wien 14.,Penzing"},"geometry":{"type":"MultiPolygon","coordinates":[[[[618243,481196],[616811,482027],[615684,482338],[615459,482083],[614970,482064],[614024,482606],[613450,482080],[613224,482464],[613727,482882],[612829,483366],[612604,483945],[612793,484322],[611856,484324],[612687,485096],[612868,484959],[612892,485213],[612390,485626],[612396,486581],[612574,487321],[613242,488051],[613345,488907],[615899,487273],[615645,486641],[615978,486157],[616678,486411],[618025,486183],[617120,485258],[616664,484039],[616945,484317],[619327,483577],[619302,482786],[620005,482862],[621314,482397],[621866,482017],[621549,481999],[621453,481481],[622044,481096],[621667,481019],[621588,480681],[618256,481194],[618243,481196]]]]}},{"type":"Feature","id":"915","properties":{"id":"915","name":"Wien 15.,Rudolfsheim-Fünfhaus"},"geometry":{"type":"MultiPolygon","coordinates":[[[[622278,480449],[621588,480681],[621667,481019],[622044,481096],[621453,481481],[621549,481999],[621866,482017],[621261,482413],[621393,482904],[623210,482636],[623430,480877],[622968,480379],[622282,480447],[622278,480449]]]]}},{"type":"Feature","id":"916","properties":{"id":"916","name":"Wien 16.,Ottakring"},"geometry":{"type":"MultiPolygon","coordinates":[[[[621380,482825],[621261,482413],[620005,482862],[619302,482786],[619327,483577],[616945,484317],[617275,484710],[618598,485001],[619398,484720],[619344,484419],[620094,484786],[621326,484701],[621944,484404],[621881,484057],[622324,483599],[623278,483850],[623210,482636],[621380,482835],[621380,482825]]]]}},{"type":"Feature","id":"917","properties":{"id":"917","name":"Wien 17.,Hernals"},"geometry":{"type":"MultiPolygon","coordinates":[[[[622282,483835],[621953,483919],[621944,484404],[621326,484701],[620094,484786],[619344,484419],[619398,484720],[618598,485001],[617275,484710],[616664,484039],[617120,485258],[618023,486171],[617090,486373],[617220,487066],[617595,487168],[618064,487751],[617579,488065],[619160,488503],[619403,487695],[618976,487109],[619842,487013],[619105,486527],[619880,486449],[619889,486119],[620252,486254],[621009,485723],[621498,485724],[622022,485100],[622407,485226],[623523,484100],[623342,483526],[623278,483850],[622324,483599],[622285,483835],[622282,483835]]]]}},{"type":"Feature","id":"918","properties":{"id":"918","name":"Wien 18.,Währing"},"geometry":{"type":"MultiPolygon","coordinates":[[[[622763,484940],[622407,485226],[622022,485100],[621498,485724],[621009,485723],[620252,486254],[619889,486119],[619880,486449],[619106,486526],[619842,487013],[618976,487109],[618970,487305],[619403,487695],[620547,487454],[621813,486566],[623125,486292],[623139,485933],[624333,485772],[623523,484100],[623287,484141],[623338,484362],[622892,484853],[622763,484940]]]]}},{"type":"Feature","id":"919","properties":{"id":"919","name":"Wien 19.,Döbling"},"geometry":{"type":"MultiPolygon","coordinates":[[[[623117,486292],[622553,486275],[621163,486895],[620624,487426],[619339,487700],[619149,488474],[619766,489216],[619146,489515],[619763,490067],[620193,490209],[620576,490043],[621246,490325],[621683,490810],[622299,490723],[622526,491144],[623465,491699],[623156,492065],[623663,492253],[625582,489240],[625279,489074],[625588,487894],[624897,486274],[624537,486240],[624387,485765],[623139,485933],[623125,486292],[623117,486292]]]]}},{"type":"Feature","id":"920","properties":{"id":"920","name":"Wien 20.,Brigittenau"},"geometry":{"type":"MultiPolygon","coordinates":[[[[625436,485073],[624870,486036],[625579,487841],[625279,489074],[625582,489240],[627607,486385],[626791,485688],[626904,485447],[626655,485206],[626107,485572],[625440,485075],[625436,485073]]]]}},{"type":"Feature","id":"921","properties":{"id":"921","name":"Wien 21.,Floridsdorf"},"geometry":{"type":"MultiPolygon","coordinates":[[[[626648,487613],[624274,491483],[625366,491342],[625099,491922],[625910,492148],[625673,492937],[625962,493625],[626438,493615],[625950,495075],[626283,495579],[626596,495545],[626546,495765],[627010,495953],[626946,495583],[627606,495331],[627694,495620],[628325,495906],[629210,495957],[630214,495380],[630497,492682],[633114,490940],[631551,489505],[631367,489075],[631124,489383],[630375,489307],[630495,489076],[630279,489022],[629936,488135],[629766,488200],[629762,487598],[628686,487424],[628391,487053],[627931,486933],[627985,486711],[627607,486385],[626650,487610],[626648,487613]]]]}},{"type":"Feature","id":"922","properties":{"id":"922","name":"Wien 22.,Donaustadt"},"geometry":{"type":"MultiPolygon","coordinates":[[[[630616,483279],[627607,486385],[627985,486711],[627931,486933],[628391,487053],[628686,487424],[629762,487598],[629766,488200],[629936,488135],[630279,489022],[630495,489076],[630375,489307],[631124,489383],[631367,489075],[633006,490910],[633607,490750],[633747,491453],[633514,492983],[634649,492913],[635916,492374],[636007,492029],[635492,490846],[636056,490582],[635976,490225],[637290,489676],[637902,489903],[638530,489791],[638061,487529],[638714,487540],[638698,487270],[639067,487143],[638638,484455],[638022,482810],[638471,481827],[638227,480920],[638519,480787],[638209,480824],[638129,480267],[638481,479861],[638148,479941],[638778,479772],[638484,480174],[639108,480253],[639221,479665],[638935,479586],[639444,478598],[639686,478569],[639627,478873],[640089,478437],[640557,478817],[641088,478640],[640981,477896],[641307,477481],[641276,475688],[638770,476494],[637418,477689],[635265,478896],[635365,479010],[630616,483279],[630616,483279]]]]}},{"type":"Feature","id":"923","properties":{"id":"923","name":"Wien 23.,Liesing"},"geometry":{"type":"MultiPolygon","coordinates":[[[[617360,474165],[616621,474263],[614771,473369],[614463,473534],[614693,473845],[616202,474344],[616009,474647],[616167,474911],[614862,474684],[614037,476180],[614690,476656],[615084,476633],[615494,476255],[617512,477528],[618662,477086],[619088,477861],[619114,477523],[619541,477498],[619675,477177],[620001,477390],[620014,477858],[620344,477813],[620124,477335],[620476,477207],[620951,477678],[622941,477198],[623300,477643],[623736,476986],[626434,476457],[626238,475844],[626024,475949],[625662,474330],[622572,475224],[622174,473737],[621830,473839],[621698,473150],[620688,473765],[620618,474226],[619576,474261],[618610,474635],[617364,474165],[617360,474165]]]]}}]}